0,0,0,0,0,0,0,0,0,2,0,3,1,0,0,2,4,8,0,9,0,0,6,2,0,0,0,0,0,0,0,0,0,0,0,0,0,0,4,5,0,0,10,4,0,2,0,0,0,2,0,0,3,0,0,0,0,0,0,0,0,0,0,0,0,0,1,0,0,1,1,0,1,0,4,0,0,0,8,0,0,0,0,0,0,0,0,0,0,0,0,0,0,10,0,0,6,0,0,24,87,138,143,107,50,0,0,9,0,0,0,0,0,0,0,0,0,0,0,0,0,1,0,13,5,0,44,138,220,249,255,239,172,46,0,7,0,0,0,0,0,0,0,0,0,0,0,0,0,0,0,5,0,26,154,245,255,254,249,255,251,141,8,0,0,0,0,0,0,0,0,0,0,0,0,0,0,3,2,3,9,105,238,255,247,251,247,252,255,205,31,0,0,0,0,0,0,0,0,0,0,0,0,0,0,0,4,26,72,182,255,248,238,188,235,253,254,240,51,0,1,0,0,0,0,0,0,0,0,0,0,0,0,0,82,206,220,244,245,185,78,17,188,248,255,249,70,0,0,0,0,0,0,0,0,0,0,0,0,0,0,19,170,248,255,226,136,53,2,7,164,248,255,252,75,4,0,0,0,0,0,0,0,0,0,0,0,0,0,13,220,254,255,152,38,0,0,5,153,252,253,250,66,3,0,0,0,0,0,0,0,0,0,0,0,0,0,21,234,250,239,54,0,6,6,9,170,255,250,242,40,0,0,0,0,0,0,0,0,0,0,0,0,0,0,40,238,253,234,13,0,9,0,8,196,254,253,231,19,0,2,0,0,0,0,0,0,0,0,0,0,0,0,54,241,246,223,20,7,0,0,22,218,248,255,207,12,0,5,0,0,0,0,0,0,0,0,0,0,0,0,69,254,246,214,23,0,0,5,74,241,247,253,163,8,3,0,0,0,0,0,0,0,0,0,0,0,0,0,56,247,250,217,21,0,1,7,131,255,250,245,122,3,0,0,0,0,0,0,0,0,0,0,0,0,0,0,47,239,254,228,15,8,0,33,210,251,255,229,55,2,0,0,0,0,0,0,0,0,0,0,0,0,0,0,28,242,255,230,48,0,14,107,246,255,255,187,17,0,6,0,0,0,0,0,0,0,0,0,0,0,0,0,13,217,255,255,127,0,68,215,248,255,232,113,0,0,3,0,0,0,0,0,0,0,0,0,0,0,0,0,5,170,251,254,225,163,212,254,251,255,174,34,0,5,0,0,0,0,0,0,0,0,0,0,0,0,0,0,0,84,224,255,255,236,255,245,255,218,88,0,2,0,0,10,0,0,0,0,0,0,0,0,0,0,0,0,2,0,136,231,255,254,255,249,204,105,7,0,7,0,0,0,0,0,0,0,0,0,0,0,0,0,0,0,13,0,29,110,189,240,223,165,75,10,0,3,4,0,0,0,0,0,0,0,0,0,0,0,0,0,0,0,0,16,0,1,2,13,12,5,0,0,5,0,0,6,0,8,0,0,0,0,0,0,0,0,0,0,0,0,0,0,0,0,0,0,0,0,0,0,0,0,0,0,0,0,0,0,0,0,0,0,0,0,0,0,0,0,0,0,0,0,0,0,0,0,0,0,0,0,0,0,0,0,0,0,0,0,0,0,0,0,0,0,0,0,0,0,0,0,0,0,0,0,0,0,0,0,0,0,0,0,0,0,0,0,0,0,0,0,0,0,0,0,0,0,0,0,0,0,0,0,0,0,0,0,0,0,0,0,0,0,0,0
00,0,0,0,0,0,0,0,0,1,0,0,0,0,0,0,0,2,0,1,0,0,3,4,0,0,0,0,0,0,0,0,0,0,0,0,0,2,2,1,0,0,0,0,0,0,0,0,0,0,1,0,0,0,0,0,0,0,0,0,0,0,0,0,0,7,2,0,0,0,0,1,1,0,0,0,0,0,0,1,5,0,0,0,0,0,0,0,0,0,0,0,0,0,0,0,3,5,4,3,3,2,2,3,4,3,0,0,2,0,0,0,0,0,0,0,0,0,0,0,0,0,1,4,2,0,0,0,2,3,4,2,0,0,3,4,0,0,0,0,0,0,0,0,0,0,0,0,0,7,0,0,2,30,69,105,125,129,111,79,30,0,0,6,0,0,0,0,0,0,0,0,0,0,0,0,0,0,2,31,83,146,198,227,237,235,220,201,141,48,0,0,0,0,0,0,0,0,0,0,0,0,0,0,0,0,45,125,197,231,218,178,145,142,167,226,222,113,14,0,5,0,0,0,0,1,3,0,1,0,0,5,0,34,158,237,254,183,97,48,21,13,42,140,227,167,40,0,4,0,0,0,0,1,2,0,1,0,0,3,2,88,229,255,207,95,16,0,0,9,6,106,224,182,57,4,1,0,0,0,0,0,1,1,1,2,0,0,12,120,247,220,106,21,0,0,6,4,0,111,233,171,40,0,2,0,0,0,0,0,0,1,0,3,0,0,29,155,237,145,22,0,6,3,2,0,24,155,237,135,14,0,3,0,0,0,0,0,0,2,0,4,0,0,49,180,224,107,0,0,1,0,0,0,75,200,217,98,8,0,2,0,0,0,0,0,0,1,0,5,0,1,71,192,201,80,0,1,0,0,3,18,140,234,176,54,0,0,2,0,0,0,0,0,0,1,0,6,0,4,90,216,187,61,0,3,0,0,4,79,197,226,110,14,0,0,3,0,0,0,0,1,0,1,0,7,0,6,100,218,174,50,0,0,0,6,22,141,221,183,46,0,10,0,2,0,0,0,0,1,0,4,0,5,0,8,90,222,183,60,0,9,0,10,90,207,218,104,8,0,0,0,0,0,0,0,0,0,0,4,0,4,0,6,75,208,187,77,4,0,0,50,166,220,158,48,0,0,1,4,0,0,0,0,0,0,1,5,0,2,0,2,51,187,212,111,8,0,32,140,241,194,77,0,0,0,2,3,0,0,0,0,0,0,1,5,0,0,1,0,26,141,230,156,34,33,127,217,221,114,18,0,4,0,0,0,4,0,0,0,0,0,0,5,0,0,1,0,9,86,215,217,149,158,222,223,131,33,0,7,7,0,0,0,4,0,0,0,0,2,0,3,1,0,0,0,0,31,141,216,236,236,215,140,35,0,1,10,0,0,7,0,1,0,0,0,0,5,0,1,3,0,0,1,0,0,38,110,154,143,99,37,0,0,4,1,0,0,6,3,0,0,0,0,0,8,0,0,5,0,0,3,0,12,0,13,24,12,7,1,5,4,2,0,2,3,0,1,0,0,0,0,0,0,0,0,0,0,0,0,0,0,0,0,0,0,0,0,0,0,0,0,0,0,0,0,0,0,0,0,0,0,0,0,0,0,0,0,0,0,0,0,0,0,0,0,0,0,0,0,0,0,0,0,0,0,0,0,0,0,0,0,0,0,0,0,0,0,0,0,0,0,0,0,0,0,0,0,0,0,0,0,0,0,0,0,0,0,0,0,0,0,0,0,0,0,0,0,0,0,0,0,0,0,0,0,0,0,0,0,0,0,0,0,0
000,0,0,0,0,0,0,0,0,4,0,3,0,4,0,1,0,0,0,0,0,0,3,0,3,0,0,0,0,0,0,0,0,0,0,0,0,0,0,0,0,1,0,1,1,0,0,3,3,2,0,0,4,0,0,0,0,0,0,0,0,0,0,0,0,2,5,2,0,7,0,0,0,5,2,1,0,2,3,0,9,0,0,0,0,0,0,0,0,0,0,0,0,0,3,0,0,4,1,0,2,0,2,6,1,0,3,4,0,0,0,0,0,0,0,0,0,0,0,0,0,0,0,0,0,0,0,0,0,0,0,0,7,0,0,0,0,0,0,0,0,0,0,0,0,0,0,0,0,5,0,0,0,0,24,64,84,87,41,0,0,7,1,1,3,0,0,0,0,0,0,0,0,0,0,0,0,7,3,32,63,66,122,188,210,204,148,47,0,4,4,0,1,0,0,0,0,0,0,0,0,0,0,0,0,0,32,132,212,204,219,228,201,222,215,108,8,0,0,0,4,0,0,0,0,0,0,0,4,2,0,0,0,2,109,222,245,250,206,121,69,149,232,142,22,0,0,8,0,0,0,0,0,0,1,0,2,1,0,0,0,25,150,251,246,191,97,25,7,123,230,151,29,4,0,3,0,0,0,0,0,0,3,0,0,1,0,0,0,66,201,248,190,102,16,0,5,109,232,153,26,7,3,0,0,0,0,0,0,0,4,0,0,0,1,0,2,103,229,196,87,17,0,1,13,128,237,141,11,3,3,1,2,0,0,0,0,0,4,1,0,1,2,1,11,133,238,150,29,0,3,10,18,161,234,122,3,0,0,0,4,0,0,0,0,0,3,1,0,2,0,1,26,162,234,121,14,0,4,10,58,189,214,96,4,2,0,0,2,0,0,0,0,0,2,1,0,3,0,2,40,180,224,99,3,0,0,3,106,214,183,60,2,6,0,2,0,0,0,0,0,1,1,1,0,4,0,2,49,185,221,98,10,0,4,21,151,232,160,29,0,8,0,8,0,0,0,0,0,1,0,0,0,4,0,6,40,179,227,111,4,1,9,91,206,212,87,9,0,0,0,0,2,0,0,0,0,1,0,0,1,4,0,2,26,154,234,151,25,7,70,172,233,150,52,0,0,1,3,0,5,0,0,0,0,1,2,0,2,3,0,0,9,100,219,225,149,128,189,235,199,72,13,0,0,2,4,1,5,0,0,0,0,1,3,1,0,0,0,0,0,36,143,218,233,229,228,184,90,22,0,0,2,0,0,0,0,0,0,0,0,1,0,0,0,0,0,1,0,0,46,101,146,155,122,64,4,3,0,4,3,0,0,0,1,0,0,0,0,1,0,0,0,0,0,3,0,0,3,12,29,35,17,0,0,0,0,5,2,0,0,0,5,0,0,0,0,1,0,0,3,0,0,2,0,5,1,2,0,0,0,0,8,1,0,2,0,1,4,0,4,0,0,0,0,1,0,0,7,0,0,0,0,0,0,4,3,0,2,0,0,3,0,0,0,4,5,0,0,0,0,0,0,0,0,0,0,0,0,0,0,0,0,0,0,0,0,0,0,0,0,0,0,0,0,0,0,0,0,0,0,0,0,0,0,0,0,0,0,0,0,0,0,0,0,0,0,0,0,0,0,0,0,0,0,0,0,0,0,0,0,0,0,0,0,0,0,0,0,0,0,0,0,0,0,0,0,0,0,0,0,0,0,0,0,0,0,0,0,0,0,0,0,0,0,0,0,0,0,0,0,0,0,0,0,0,0,0,0,0,0,0,0,0,0
1,0,0,0,0,0,0,0,0,0,4,3,0,0,1,2,0,0,0,0,0,1,5,0,0,0,0,0,0,0,0,0,0,0,0,0,0,0,0,0,0,0,2,2,0,2,1,2,0,0,0,0,4,0,0,0,0,0,0,0,0,0,0,0,0,0,0,0,0,0,0,0,0,0,0,2,2,0,0,0,8,0,0,0,0,0,0,0,0,0,0,0,0,2,2,1,0,1,9,19,27,15,0,0,3,0,0,0,3,0,0,0,0,0,0,0,0,0,0,0,0,3,5,1,0,13,48,87,110,70,19,1,1,0,1,0,0,0,0,0,0,0,0,0,0,0,0,0,0,2,4,0,1,42,114,176,205,142,56,10,0,0,3,0,1,0,0,0,0,0,0,0,0,0,0,0,0,0,2,0,14,81,174,234,247,183,76,16,0,0,3,0,5,0,0,0,0,0,0,0,0,0,0,0,0,0,2,4,28,108,206,249,241,187,75,16,0,0,3,0,5,0,0,0,0,0,0,0,0,0,0,0,0,1,3,4,59,151,224,251,235,176,64,7,4,0,0,0,1,0,0,0,0,0,0,0,0,0,0,0,0,0,2,17,84,175,238,255,233,157,53,4,3,0,0,0,0,0,0,0,0,0,0,0,0,0,0,0,0,0,3,35,117,202,249,253,220,128,38,0,3,0,0,0,0,0,0,0,0,0,0,0,0,0,0,0,0,0,8,55,147,220,251,243,199,103,28,0,3,1,0,0,0,0,0,0,0,0,0,0,0,0,0,0,0,1,17,79,174,233,252,237,183,83,22,1,2,0,0,0,1,0,0,0,0,0,0,0,0,0,0,0,0,5,31,107,201,244,254,232,166,64,16,1,2,0,0,0,3,0,0,0,0,0,0,0,0,0,0,0,0,8,44,132,222,248,247,214,135,43,7,0,1,0,0,0,4,0,0,0,0,0,0,0,0,0,0,0,0,9,52,147,233,247,235,193,104,29,0,0,1,0,0,0,3,0,0,0,0,0,0,0,0,0,0,0,0,9,60,171,236,250,235,153,79,13,9,4,0,0,0,1,3,0,0,0,0,0,0,0,0,0,0,0,0,9,60,174,242,245,208,119,49,9,7,3,0,0,0,1,2,0,0,0,0,0,0,0,0,0,0,0,0,13,63,178,247,236,174,79,20,4,3,1,0,0,0,0,1,0,0,0,0,0,0,0,0,0,0,0,0,9,49,148,210,191,121,41,2,0,0,0,0,0,0,0,0,0,0,0,0,0,0,0,0,0,0,0,0,0,17,79,121,104,53,7,0,0,0,0,0,1,0,0,0,0,0,0,0,0,0,0,0,0,0,0,0,0,0,21,37,28,7,0,2,0,0,0,0,0,0,0,0,0,0,0,0,0,0,0,0,0,0,0,0,2,0,1,2,1,0,0,4,1,1,0,0,0,0,0,0,0,0,0,0,0,0,0,0,0,0,0,0,0,0,0,0,1,2,0,0,3,2,1,0,0,0,0,1,0,0,0,0,0,0,0,0,0,0,0,0,0,0,0,0,0,0,0,0,0,0,0,0,0,0,0,0,0,0,0,0,0,0,0,0,0,0,0,0,0,0,0,0,0,0,0,0,0,0,0,0,0,0,0,0,0,0,0,0,0,0,0,0,0,0,0,0,0,0,0,0,0,0,0,0,0,0,0,0,0,0,0,0,0,0,0,0,0,0,0,0,0,0,0,0,0,0,0,0,0,0,0,0,0,0,0,0,0,0,0,0,0,0,0,0
11,0,0,0,0,0,0,0,0,0,6,0,0,4,8,0,0,0,5,0,1,2,0,0,0,0,0,0,0,0,0,0,0,0,0,0,0,0,2,1,0,0,0,4,6,2,8,2,0,0,2,5,0,0,0,0,0,0,0,0,0,0,0,0,0,0,2,1,1,0,0,1,0,0,0,4,0,0,2,6,0,0,0,0,0,0,0,0,0,0,0,0,0,0,7,0,0,2,0,3,7,2,0,2,5,0,0,0,0,0,0,0,0,0,0,0,0,0,0,0,0,0,9,0,0,4,0,35,95,76,11,0,6,0,0,0,0,0,0,0,0,0,0,0,0,0,0,0,0,0,5,0,5,0,0,99,213,155,39,0,1,1,6,0,3,0,0,0,0,0,0,0,0,0,0,0,0,0,2,0,5,0,38,163,249,144,29,0,2,0,6,0,3,0,0,0,0,0,0,0,0,0,0,0,0,0,3,3,1,1,84,200,214,80,0,1,9,0,0,0,1,0,0,0,0,0,0,0,0,0,0,0,0,3,1,6,3,22,148,231,152,22,10,0,0,0,3,1,0,0,0,0,0,0,0,0,0,0,0,0,0,0,0,0,0,58,189,219,109,12,5,0,0,1,4,2,0,0,0,0,0,0,0,0,0,0,0,0,0,0,0,0,4,107,226,185,54,1,0,0,0,3,4,2,0,0,0,0,0,0,0,0,0,0,0,0,0,0,3,1,29,153,232,136,17,0,0,0,1,2,1,1,0,0,0,0,0,0,0,0,0,0,0,0,0,2,0,1,64,194,215,89,3,0,0,0,0,0,0,0,0,0,0,0,0,0,0,0,0,0,0,0,0,7,0,3,105,223,183,52,0,3,2,0,0,0,0,0,0,0,0,0,0,0,0,0,0,0,0,0,0,1,0,28,152,232,137,19,0,2,1,0,0,0,0,0,0,0,0,0,0,0,0,0,0,0,0,0,0,0,9,59,186,227,97,0,0,0,0,0,0,3,3,1,0,0,0,0,0,0,0,0,0,0,0,0,0,1,2,99,224,184,55,4,0,0,0,0,0,0,0,0,0,0,0,0,0,0,0,0,0,0,0,0,0,0,14,140,237,151,26,0,4,0,0,0,0,0,0,0,0,0,0,0,0,0,0,0,0,0,0,0,0,0,39,185,232,105,4,0,1,0,0,0,0,0,0,0,0,0,0,0,0,0,0,0,0,0,0,0,0,8,86,223,203,69,8,0,0,0,0,0,0,0,0,0,0,0,0,0,0,0,0,0,0,0,0,0,0,2,129,239,154,30,6,0,0,0,0,0,0,0,0,0,0,0,0,0,0,0,0,0,0,0,0,0,0,31,178,246,122,10,0,0,0,0,0,0,0,0,0,0,0,0,0,0,0,0,0,0,0,0,0,0,0,58,167,189,81,10,3,0,0,0,0,0,0,0,0,0,0,0,0,0,0,0,0,0,0,0,0,0,0,3,66,63,4,0,7,2,0,0,0,0,0,0,0,0,0,0,0,0,0,0,0,0,0,0,0,0,0,0,0,0,0,0,0,0,0,0,0,0,0,0,0,0,0,0,0,0,0,0,0,0,0,0,0,0,0,0,0,0,0,0,0,0,0,0,0,0,0,0,0,0,0,0,0,0,0,0,0,0,0,0,0,0,0,0,0,0,0,0,0,0,0,0,0,0,0,0,0,0,0,0,0,0,0,0,0,0,0,0,0,0,0,0,0,0,0,0,0,0,0,0,0,0,0,0,0,0,0,0,0,0,0
111,0,0,0,0,0,0,0,0,0,0,0,1,2,1,0,0,0,0,0,0,0,0,0,0,0,0,0,0,0,0,0,0,0,0,0,0,0,6,7,5,0,0,1,3,0,0,0,0,0,0,0,0,0,0,0,0,0,0,0,0,0,0,0,0,0,2,1,1,0,0,1,0,0,0,0,0,0,0,0,0,0,0,0,0,0,0,0,0,0,0,0,0,0,1,0,4,8,6,9,0,0,0,0,0,0,0,0,0,0,0,0,0,0,0,0,0,0,0,0,0,1,1,0,4,1,0,1,7,0,0,0,0,0,0,0,0,0,0,0,0,0,0,0,0,0,0,0,0,0,3,22,62,48,0,0,6,0,0,0,0,0,0,0,0,0,0,0,0,0,0,0,0,0,0,0,0,0,6,66,168,161,51,0,1,0,0,0,0,0,0,0,0,0,0,0,0,0,0,0,0,0,0,0,0,4,0,62,205,217,84,5,0,0,0,0,0,0,0,0,0,0,0,0,0,0,0,0,0,0,0,0,0,0,3,18,150,247,129,1,3,0,0,0,0,0,0,0,0,0,0,0,0,0,0,0,0,0,0,0,0,0,2,10,133,242,149,18,1,0,0,0,0,0,0,0,0,0,0,0,0,0,0,0,0,0,0,0,0,1,0,2,109,232,176,42,0,0,0,0,0,0,0,0,0,0,0,0,0,0,0,0,0,0,0,0,0,2,0,0,88,219,197,63,0,0,0,0,0,0,0,0,0,0,0,0,0,0,0,0,0,0,0,0,0,1,0,3,71,202,211,79,0,0,0,0,0,0,0,0,0,0,0,0,0,0,0,0,0,0,0,0,0,0,0,5,50,181,223,97,3,0,0,0,0,0,0,0,0,0,0,0,0,0,0,0,0,0,0,0,0,0,2,3,27,162,238,116,5,0,0,0,0,0,0,0,0,0,0,0,0,0,0,0,0,0,0,0,0,1,3,0,9,150,249,129,5,0,0,0,0,0,0,0,0,0,0,0,0,0,0,0,0,0,0,0,0,2,0,0,9,126,241,158,24,0,0,0,0,0,0,0,0,0,0,0,0,0,0,0,0,0,0,0,0,0,5,8,1,105,232,168,36,0,0,0,0,0,0,0,0,0,0,0,0,0,0,0,0,0,0,0,0,2,5,2,0,104,241,189,50,0,0,0,0,0,0,0,0,0,0,0,0,0,0,0,0,0,0,0,0,3,0,0,0,88,199,159,42,0,0,0,0,0,0,0,0,0,0,0,0,0,0,0,0,0,0,0,0,0,0,0,3,33,82,69,15,0,0,0,0,0,0,0,0,0,0,0,0,0,0,0,0,0,0,0,0,4,0,0,0,0,2,7,0,0,0,0,0,0,0,0,0,0,0,0,0,0,0,0,0,0,0,0,0,8,0,0,0,0,0,0,0,0,0,0,0,0,0,0,0,0,0,0,0,0,0,0,0,0,0,0,0,0,1,0,6,4,0,3,1,0,0,0,0,0,0,0,0,0,0,0,0,0,0,0,0,0,0,0,0,0,0,0,0,0,0,0,0,0,0,0,0,0,0,0,0,0,0,0,0,0,0,0,0,0,0,0,0,0,0,0,0,0,0,0,0,0,0,0,0,0,0,0,0,0,0,0,0,0,0,0,0,0,0,0,0,0,0,0,0,0,0,0,0,0,0,0,0,0,0,0,0,0,0,0,0,0,0,0,0,0,0,0,0,0,0,0,0,0,0,0,0,0,0,0,0,0,0,0,0,0,0,0,0
2,0,2,6,2,0,0,1,0,3,0,0,0,4,2,0,0,0,0,0,0,0,0,0,0,0,0,0,0,0,0,1,2,4,5,4,2,0,3,7,4,0,0,1,4,0,0,0,0,0,0,0,0,0,0,0,0,0,0,0,0,4,2,0,0,0,5,9,3,0,0,0,0,0,0,0,0,0,0,0,0,0,0,0,0,2,4,0,0,1,2,0,2,3,0,0,0,0,0,0,0,0,0,0,0,0,0,0,0,0,0,0,0,3,8,0,0,4,5,0,3,1,0,0,5,4,0,5,14,0,0,0,0,0,0,0,0,0,0,0,0,0,3,0,0,6,0,0,0,16,53,97,114,98,61,19,0,0,0,0,0,0,0,0,0,0,0,0,0,0,1,0,0,3,0,16,64,133,182,226,239,233,193,102,12,0,0,0,0,0,0,0,0,0,0,0,0,4,7,0,0,0,10,80,179,236,230,195,167,199,236,184,89,0,0,0,0,0,0,0,0,0,0,0,0,3,0,0,0,0,32,130,229,191,116,59,44,69,172,228,152,31,0,0,4,0,2,0,0,0,0,0,0,2,0,0,3,0,11,66,126,61,25,4,0,7,110,210,176,48,0,0,4,0,1,1,0,0,0,0,0,1,0,0,3,0,0,7,24,3,0,0,0,0,80,207,200,66,6,0,5,0,0,2,0,0,0,0,0,0,0,0,0,0,0,0,0,2,0,2,7,0,86,212,199,69,6,0,5,0,0,2,0,0,0,0,0,0,0,0,0,1,5,4,0,1,0,0,0,0,97,216,187,55,0,0,4,0,1,0,0,0,0,0,0,0,3,4,1,0,3,3,0,1,5,3,0,6,119,224,173,32,0,0,3,0,1,0,0,0,0,0,0,0,2,4,2,0,0,0,0,0,0,1,0,33,161,228,133,14,0,0,0,0,1,0,0,0,0,0,0,0,0,0,0,0,0,0,0,2,0,0,9,69,203,228,86,5,0,4,0,0,0,0,2,0,0,0,0,3,1,0,0,8,5,0,0,2,7,17,69,175,243,201,116,85,54,26,17,10,0,0,5,0,0,0,0,2,5,0,1,5,0,3,27,53,109,160,198,241,255,238,209,198,187,167,136,97,56,20,0,0,0,0,0,0,1,0,7,1,0,68,132,211,219,228,246,255,226,193,189,201,216,227,227,216,174,92,17,0,0,0,0,0,7,0,2,1,54,173,222,224,204,210,238,217,134,71,63,73,90,115,152,194,190,109,17,0,0,0,0,0,7,0,0,3,112,244,244,199,206,228,215,128,29,0,7,1,4,8,27,63,80,49,2,0,0,0,0,0,0,0,0,0,80,196,216,227,213,182,113,28,0,0,3,0,0,0,0,0,5,4,0,0,0,0,0,5,0,2,9,0,10,69,118,123,95,55,14,0,11,11,0,0,0,2,4,0,0,0,0,0,0,0,0,0,1,0,0,3,0,0,10,6,4,2,0,0,1,3,0,3,0,0,0,1,0,0,3,0,0,0,0,0,0,0,0,0,0,0,0,0,0,0,0,0,0,0,0,0,0,0,0,0,0,0,0,0,0,0,0,0,0,0,0,0,0,0,0,0,0,0,0,0,0,0,0,0,0,0,0,0,0,0,0,0,0,0,0,0,0,0,0,0,0,0,0,0,0,0,0,0,0,0,0,0,0,0,0,0,0,0,0,0,0,0,0,0,0,0,0,0,0,0,0,0,0,0,0,0,0,0,0,0,0,0,0,0,0,0,0,0,0,0,0
22,0,4,2,0,0,0,0,1,0,0,0,1,0,4,5,0,0,3,2,2,3,0,0,8,0,0,0,0,4,0,0,4,10,7,0,0,4,3,0,0,0,0,5,1,0,2,0,0,4,1,0,8,0,0,0,0,3,0,0,0,0,0,0,0,0,1,0,1,0,0,1,1,1,2,0,0,3,5,3,3,0,0,0,0,1,0,2,1,0,1,5,1,0,6,2,3,0,0,4,4,0,3,1,0,1,2,0,0,0,0,0,0,2,0,0,2,0,0,0,0,1,7,2,10,12,9,8,0,0,0,3,3,0,0,0,0,0,0,0,0,5,0,0,3,0,4,49,83,107,120,127,145,145,127,92,27,3,0,0,4,0,0,1,3,0,0,0,0,3,0,5,5,21,90,169,201,226,235,235,242,236,232,211,138,29,3,0,4,3,0,2,3,0,0,0,0,0,0,0,0,53,172,234,209,167,158,132,119,122,171,220,186,55,13,0,3,4,0,0,0,0,0,0,0,0,0,2,0,20,69,93,79,42,28,7,8,6,73,191,211,87,11,0,0,1,3,0,2,0,0,0,0,7,4,1,0,0,11,14,0,5,3,0,3,0,72,194,210,72,8,0,0,0,4,0,1,0,0,0,0,5,0,1,3,0,0,0,0,0,0,0,0,10,110,213,187,49,3,0,0,0,4,0,0,0,0,0,0,0,0,0,1,1,1,4,7,0,8,4,0,36,164,225,139,25,0,0,0,0,4,0,0,0,0,0,0,3,4,1,0,0,0,0,0,0,9,2,0,74,207,211,80,8,0,0,0,0,3,0,0,0,0,0,0,0,7,6,1,4,4,1,0,0,0,0,28,148,239,169,27,0,0,0,0,0,1,0,0,0,0,0,0,0,1,0,0,1,2,0,0,6,0,10,102,222,219,95,2,0,0,0,0,0,0,0,2,0,0,0,0,1,5,0,0,1,2,0,4,0,1,52,172,251,157,22,3,1,0,0,0,0,0,0,4,0,0,0,0,0,0,0,0,2,0,0,5,0,19,132,236,188,61,0,5,0,2,3,0,0,5,4,0,0,0,0,0,9,0,1,0,0,8,9,1,21,111,208,207,111,22,0,0,0,2,0,0,0,0,0,1,0,0,0,0,4,0,0,0,0,0,1,8,90,201,238,143,39,2,0,0,0,2,0,0,6,0,0,5,0,0,0,0,0,1,0,4,6,0,13,74,199,229,172,58,10,23,39,48,56,64,68,81,85,47,4,0,0,0,0,0,0,8,0,3,0,2,83,172,220,208,154,115,133,156,160,168,179,187,195,208,196,123,36,0,0,0,0,0,0,2,0,0,0,59,196,255,229,226,219,224,239,235,221,216,212,207,199,197,177,111,36,0,0,0,0,0,0,0,0,8,6,89,226,255,230,204,178,153,126,115,114,110,100,90,77,69,57,29,2,0,0,0,0,0,6,2,0,3,0,38,131,140,112,69,42,23,0,0,8,0,0,1,4,8,6,0,0,4,0,0,0,0,0,0,0,0,0,4,8,10,1,1,1,1,1,1,1,1,0,0,0,0,0,0,0,0,0,0,0,0,3,2,1,0,0,0,2,3,1,1,1,1,1,1,1,1,0,0,0,0,0,0,0,0,0,0,0,0,3,2,1,0,0,0,0,0,1,1,1,1,1,1,1,1,0,0,0,0,0,0,0,0,0,0,0,0,0,0,0,0,0,1,1,1,1,1,1,1,1,1,1,1,0,0,0,0,0,0,0,0,0,0,0,0
222,3,0,0,1,1,0,0,0,0,3,0,0,0,0,2,0,2,0,0,0,5,0,0,0,0,0,0,0,0,0,0,2,1,0,1,4,1,8,1,3,0,0,7,6,0,3,0,1,0,0,1,2,0,0,0,0,0,0,0,0,3,2,1,3,0,0,0,2,11,11,12,0,0,0,5,3,0,0,3,3,0,0,0,0,0,2,0,0,4,1,0,0,0,38,72,107,133,136,112,66,14,0,0,3,0,1,1,0,0,0,0,0,0,4,1,0,1,0,0,16,62,138,198,226,233,233,222,188,73,10,0,1,0,2,0,0,0,0,0,0,0,5,5,2,0,0,28,81,188,219,215,176,132,135,195,239,144,35,0,0,0,2,0,3,0,0,0,0,0,3,2,0,1,13,80,172,240,187,109,52,4,12,124,237,177,45,0,1,0,3,0,4,0,0,0,0,0,0,0,0,7,33,123,236,175,79,0,0,0,4,111,235,174,39,0,4,0,4,0,0,0,0,0,0,0,3,4,0,0,29,89,137,67,20,0,0,0,26,149,251,146,19,0,0,0,1,0,2,0,0,0,0,0,2,4,1,0,4,19,32,12,1,0,4,7,77,186,228,93,5,0,0,0,3,1,0,0,0,0,0,0,0,0,1,3,1,0,0,0,6,5,0,32,149,225,181,46,3,4,0,0,0,1,0,0,0,0,0,2,1,0,0,0,2,5,6,0,1,0,14,99,207,206,96,10,0,0,0,0,0,3,5,0,0,0,0,0,0,0,0,0,0,0,4,3,0,2,86,196,223,146,41,9,2,2,0,8,0,0,0,0,0,0,0,0,0,0,0,0,0,0,0,1,14,66,185,248,170,59,2,0,0,0,0,5,0,0,0,0,0,0,0,4,4,3,1,0,0,0,0,8,77,161,226,193,79,8,0,11,30,38,3,0,0,0,1,0,0,0,0,0,0,0,0,0,1,5,9,80,176,234,194,87,21,47,85,121,152,149,62,7,0,1,3,0,0,0,0,0,0,0,3,0,0,42,110,197,231,204,134,115,147,186,214,247,253,199,75,0,1,4,0,0,0,0,0,0,4,6,0,18,83,171,231,229,235,217,205,229,247,229,205,157,129,84,27,0,1,0,0,0,0,0,0,3,6,0,0,50,171,253,254,251,244,227,202,174,139,106,88,45,17,1,0,1,0,0,4,0,0,0,0,3,0,0,6,75,196,242,194,154,130,105,79,42,12,1,1,0,0,0,2,1,0,0,4,0,0,0,0,0,0,2,0,18,78,100,60,34,8,0,1,1,2,5,1,4,7,5,2,0,1,4,2,0,0,0,0,1,0,5,0,0,0,10,0,3,0,0,3,0,0,2,0,3,0,0,1,3,0,1,1,0,0,0,0,0,0,0,2,2,4,4,1,1,0,1,1,0,0,2,0,0,0,0,4,3,0,0,0,0,0,0,0,3,6,3,0,5,3,0,0,2,3,6,6,4,3,2,0,0,9,5,3,0,0,5,0,0,0,0,0,0,0,0,0,0,0,0,0,0,0,0,0,0,0,0,0,0,0,0,0,0,0,0,0,0,0,0,0,0,0,0,0,0,0,0,0,0,0,0,0,0,0,0,0,0,0,0,0,0,0,0,0,0,0,0,0,0,0,0,0,0,0,0,0,0,0,0,0,0,0,0,0,0,0,0,0,0,0,0,0,0,0,0,0,0,0,0,0,0,0,0,0,0,0,0,0,0,0,0,0,0,0,0,0,0,0,0,0,0,0,0,0
3,0,0,0,0,0,0,0,0,3,0,2,8,3,0,1,1,0,0,1,1,2,1,1,1,0,0,0,0,0,0,0,0,0,0,0,0,0,0,0,0,0,1,3,4,1,1,1,0,0,0,0,1,0,0,0,0,0,0,0,0,0,0,0,0,0,0,2,1,0,0,0,0,1,2,2,0,0,0,0,1,0,0,0,0,0,0,0,0,0,0,0,0,0,0,3,5,3,0,0,0,0,0,2,1,0,0,0,2,0,0,0,0,0,0,0,0,0,0,0,0,7,0,0,2,3,4,5,3,0,0,1,2,1,0,0,1,0,0,0,0,0,0,0,0,0,0,0,0,6,0,0,4,5,13,10,0,0,0,0,1,2,2,1,1,0,0,0,0,0,0,0,0,0,0,0,0,0,14,59,82,82,89,74,30,11,6,0,0,0,2,1,0,0,0,0,0,0,0,0,0,0,0,0,0,2,71,171,221,222,226,200,138,21,11,0,0,0,1,1,0,0,0,0,0,0,0,0,0,0,0,0,0,2,59,166,199,180,203,226,227,87,6,2,6,0,0,0,3,0,0,0,0,0,0,0,0,0,0,0,0,0,8,53,65,54,134,224,216,71,8,0,3,0,1,0,0,0,0,0,0,0,0,0,0,0,0,0,0,0,2,0,10,60,180,242,163,34,4,0,0,1,5,5,2,0,0,0,0,0,0,0,0,0,0,0,0,0,0,0,56,163,228,178,66,3,1,0,1,3,1,5,0,0,0,0,0,0,0,0,0,0,0,0,0,12,0,57,161,231,200,91,13,0,1,2,5,0,0,0,0,0,0,0,0,0,0,0,0,0,0,0,0,0,11,137,241,241,198,118,47,10,0,0,6,0,0,1,3,0,0,0,0,0,0,0,0,0,0,0,0,1,39,163,244,230,231,229,181,51,0,0,3,0,5,2,6,0,0,0,0,0,0,0,0,0,0,0,0,0,5,61,128,129,140,206,236,98,9,0,3,0,4,0,0,0,0,0,0,5,0,5,3,5,2,0,7,1,0,7,8,4,75,194,246,101,17,0,1,0,1,0,0,0,0,0,0,1,0,2,0,0,1,0,0,0,0,0,3,57,160,222,188,59,4,0,1,0,5,0,2,0,0,0,0,3,0,4,3,3,11,5,2,1,5,20,77,165,238,207,93,16,0,4,1,0,7,2,3,0,0,0,0,6,0,0,0,0,0,0,10,12,53,122,200,231,201,118,16,0,0,6,0,0,4,0,0,0,0,0,0,5,0,0,0,0,0,5,62,140,185,226,231,167,78,25,0,4,0,2,0,0,4,0,0,0,0,0,0,1,1,2,1,3,0,28,107,231,234,191,121,50,4,0,0,7,0,0,0,1,5,0,1,0,0,0,0,0,0,0,0,0,0,8,57,116,107,55,11,0,1,6,0,3,0,1,0,0,4,2,0,0,0,0,0,4,3,1,0,6,9,0,0,0,8,0,0,8,0,0,0,0,0,7,4,0,1,0,0,0,0,0,0,0,0,0,0,0,0,0,0,0,0,0,0,0,0,0,0,0,0,0,0,0,0,0,0,0,0,0,0,0,0,0,0,0,0,0,0,0,0,0,0,0,0,0,0,0,0,0,0,0,0,0,0,0,0,0,0,0,0,0,0,0,0,0,0,0,0,0,0,0,0,0,0,0,0,0,0,0,0,0,0,0,0,0,0,0,0,0,0,0,0,0,0,0,0,0,0,0,0,0,0,0,0,0,0,0,0,0,0,0,0,0,0
33,0,0,4,2,0,0,0,0,0,0,4,9,1,1,5,0,0,0,0,0,0,0,0,0,0,0,0,0,5,1,0,0,4,10,6,3,10,5,0,0,0,0,6,1,0,0,0,0,0,0,0,0,0,0,0,0,2,2,2,0,0,1,0,0,0,1,0,0,0,0,0,0,0,0,0,0,0,0,0,0,0,0,0,0,0,0,0,0,1,6,0,2,0,9,0,2,7,0,2,4,0,0,0,0,0,0,0,0,0,0,0,0,2,0,0,0,6,4,0,5,7,15,4,4,5,0,6,1,0,0,0,0,0,0,0,0,0,0,0,0,0,0,6,0,0,0,18,81,124,138,132,128,112,88,57,0,0,0,0,0,0,0,0,0,0,0,0,0,0,0,5,0,0,4,53,153,227,243,241,237,223,212,160,48,0,0,0,0,0,0,0,0,0,0,0,0,12,0,0,0,5,0,2,73,114,126,127,139,169,224,211,94,0,0,0,0,0,0,0,0,0,0,0,0,0,0,0,0,0,0,0,0,2,6,8,18,94,215,212,91,3,2,0,3,1,0,8,2,0,0,0,0,0,0,0,0,0,0,0,0,11,0,0,57,170,237,166,38,3,2,0,4,0,0,0,0,0,0,0,0,0,0,0,0,0,0,0,0,1,0,45,157,233,200,98,8,1,0,0,1,1,0,0,4,0,0,0,0,0,0,0,0,0,0,0,0,0,42,149,238,198,88,22,0,2,0,0,0,2,1,4,8,0,0,0,0,0,0,0,0,0,0,0,0,40,140,221,212,116,29,10,2,2,0,1,3,0,0,0,0,0,0,0,0,0,0,0,0,0,0,0,0,73,206,245,192,147,122,91,42,10,0,0,6,0,0,0,0,0,0,0,0,0,0,0,0,0,0,0,0,82,204,247,238,245,243,219,177,66,10,0,4,0,1,3,4,0,0,0,0,0,0,0,0,0,0,0,0,19,80,112,132,136,147,207,249,142,42,0,0,0,0,1,0,0,0,0,0,0,0,0,0,0,0,0,0,0,4,8,0,6,16,122,215,195,57,1,1,0,2,2,4,0,0,0,0,0,0,0,0,0,0,0,0,6,0,0,0,0,6,121,223,180,52,0,0,0,2,0,0,0,0,0,0,0,0,0,0,0,0,0,0,0,0,8,2,0,39,160,234,139,35,0,1,0,4,0,0,0,0,0,0,0,0,0,0,0,0,0,0,0,7,6,0,23,122,212,202,78,10,0,2,1,5,2,3,0,0,0,0,0,0,0,0,0,0,0,0,7,0,0,48,120,211,219,130,25,0,0,4,1,0,0,5,0,0,0,0,0,0,0,0,0,0,0,0,1,0,55,181,234,223,147,51,1,0,1,4,0,0,0,0,0,0,0,0,0,0,0,0,0,0,0,0,0,12,87,208,201,126,46,0,0,0,1,0,0,0,0,0,0,0,0,0,0,0,0,0,0,0,0,0,0,2,31,94,64,19,0,0,4,3,0,0,1,7,2,0,0,0,0,0,0,0,0,0,0,0,0,0,0,0,0,0,0,0,0,0,0,0,0,0,0,0,0,0,0,0,0,0,0,0,0,0,0,0,0,0,0,0,0,0,0,0,0,0,0,0,0,0,0,0,0,0,0,0,0,0,0,0,0,0,0,0,0,0,0,0,0,0,0,0,0,0,0,0,0,0,0,0,0,0,0,0,0,0,0,0,0,0,0,0,0,0,0,0,0,0,0,0,0,0,0,0,0,0,0,0,0,0,0,0,0,0
333,8,0,1,1,2,3,0,2,0,0,0,1,1,0,2,5,0,5,0,0,0,0,0,0,0,0,0,0,0,0,2,0,0,0,0,3,1,0,0,1,0,0,0,2,0,5,0,0,1,0,0,0,0,0,0,0,2,4,0,0,0,0,0,0,2,0,0,0,0,0,2,6,0,2,0,0,3,4,0,0,0,0,0,0,2,3,0,0,9,7,0,0,0,0,0,0,4,6,0,0,0,0,1,0,1,4,0,0,0,0,0,0,0,0,0,2,1,0,0,4,8,22,38,53,67,69,45,16,9,0,4,2,0,0,0,2,0,0,0,0,0,1,3,0,0,18,75,101,130,148,169,185,195,191,166,138,47,0,3,3,0,0,0,4,0,0,0,0,2,0,2,1,7,88,190,215,232,230,225,219,212,213,221,231,99,12,0,1,0,3,0,2,0,0,0,0,3,0,0,2,15,107,198,190,155,133,108,91,88,116,179,238,138,22,0,0,0,7,0,0,0,0,0,0,1,0,0,0,6,34,59,61,30,8,0,7,7,86,206,228,90,17,0,2,0,2,0,5,0,0,2,2,2,0,0,0,0,0,6,0,0,2,0,7,69,179,220,157,43,0,0,0,1,2,0,0,2,1,1,0,3,2,6,5,0,1,1,0,3,0,2,51,167,248,189,71,8,0,2,6,1,0,0,8,0,0,2,0,0,0,0,0,0,0,2,0,0,0,49,156,232,201,90,12,2,3,5,1,0,0,0,0,0,0,5,0,0,0,0,0,0,0,0,0,0,50,161,238,201,90,12,2,0,2,10,26,52,71,55,16,2,0,4,0,0,1,0,2,6,2,0,4,39,147,224,208,128,69,75,92,107,129,149,167,180,197,177,108,18,0,1,0,0,1,0,0,4,0,0,0,107,222,242,200,171,175,210,215,235,245,245,234,220,242,240,162,30,0,0,0,3,3,0,0,3,0,0,8,122,237,244,237,245,220,210,192,169,151,127,117,129,199,234,157,32,0,0,2,0,0,0,0,0,0,0,0,63,128,152,129,114,99,73,59,41,17,6,45,148,244,204,76,0,0,0,0,0,0,0,0,0,0,0,0,0,29,30,9,7,6,0,0,2,0,21,113,213,206,105,18,0,0,0,0,0,0,0,0,0,0,0,0,0,7,0,0,0,0,0,4,0,18,90,200,232,130,24,0,0,0,0,0,0,0,0,0,0,0,0,0,0,2,0,1,10,5,0,0,12,90,190,236,161,43,0,7,0,0,0,0,0,0,0,0,0,0,0,0,0,0,0,0,2,0,0,2,64,181,238,180,67,0,0,2,0,0,0,0,0,0,0,0,0,0,0,0,0,3,0,0,0,0,6,14,115,223,189,71,11,0,0,1,0,0,0,0,0,0,0,0,0,0,0,0,1,1,1,1,0,1,6,12,93,152,87,5,0,1,2,6,0,0,0,0,0,0,0,0,0,0,0,0,2,0,0,4,3,0,0,0,17,37,9,1,7,0,0,0,0,0,0,0,0,0,0,0,0,0,0,0,0,0,0,0,0,0,0,0,0,0,0,0,0,0,0,0,0,0,0,0,0,0,0,0,0,0,0,0,0,0,0,0,0,0,0,0,0,0,0,0,0,0,0,0,0,0,0,0,0,0,0,0,0,0,0,0,0,0,0,0,0,0,0,0,0,0,0,0,0,0,0,0,0,0,0,0,0,0,0,0,0,0,0,0,0,0,0,0,0,0,0,0,0,0,0,0,0,0,0,0,0,0,0,0
4,2,0,0,1,1,1,1,0,3,1,1,0,1,6,0,3,3,0,2,0,0,0,5,0,0,0,0,0,0,0,1,1,0,1,1,0,0,0,0,0,0,4,0,1,0,0,2,1,0,0,6,3,0,0,0,0,0,5,4,0,0,1,1,0,0,2,6,0,0,0,0,0,0,0,4,5,0,0,0,0,0,0,0,0,2,6,1,0,1,4,2,3,0,3,7,5,0,0,0,4,7,3,3,6,4,0,0,0,0,0,0,0,0,1,0,0,5,4,0,3,0,1,0,0,0,4,22,41,45,30,11,3,5,6,3,0,0,0,0,0,0,4,0,1,6,0,0,13,34,35,11,0,3,26,71,111,130,103,53,13,2,3,0,0,0,0,0,0,2,7,3,3,4,0,21,74,134,128,65,11,18,63,135,193,215,186,116,42,8,1,0,0,0,0,0,0,0,0,0,0,4,12,69,154,233,220,125,36,35,94,181,248,252,230,157,69,23,9,4,2,0,0,0,0,1,1,2,1,3,39,126,211,245,241,159,59,58,135,210,251,254,239,180,98,38,8,0,4,0,1,1,1,1,2,2,2,17,70,158,230,250,240,160,74,81,155,217,247,249,238,191,125,75,39,12,1,1,1,1,0,1,4,1,1,33,109,194,245,251,230,154,88,111,184,232,248,248,244,217,182,153,109,51,13,3,2,0,0,0,3,0,1,45,137,218,248,247,217,149,107,144,212,247,253,252,249,237,231,225,178,95,33,4,2,0,0,0,1,1,6,54,153,231,251,245,217,170,150,186,236,255,252,255,251,244,249,251,201,107,36,4,2,0,0,0,0,3,12,56,153,235,255,248,232,211,207,229,252,255,248,255,255,250,248,235,175,84,21,3,2,0,0,0,0,2,11,46,134,221,253,251,246,244,246,251,255,255,253,255,255,243,216,175,111,45,11,1,1,1,0,5,0,0,7,32,112,203,242,251,251,255,255,253,250,255,255,251,249,221,167,106,48,15,12,0,1,1,1,0,0,0,4,20,62,135,199,227,252,248,246,252,251,254,249,244,209,158,96,39,13,6,0,0,0,0,0,7,3,2,3,5,25,72,117,158,192,207,226,243,248,255,252,224,170,106,51,12,0,0,0,0,0,0,0,4,0,0,1,0,0,19,42,67,97,125,171,218,241,249,240,198,127,56,17,0,0,3,0,0,0,0,0,0,0,0,1,1,0,3,11,21,38,62,125,198,239,247,225,160,90,29,9,5,4,4,1,0,0,0,0,1,0,0,2,3,0,0,0,4,9,26,96,184,238,239,198,112,54,12,5,2,0,0,0,0,0,0,0,3,1,0,0,0,0,0,0,1,0,6,74,172,238,228,164,72,30,5,3,0,0,0,0,0,0,0,0,0,0,0,0,0,0,0,0,7,5,4,48,125,186,176,107,39,12,0,5,2,0,3,5,0,0,0,0,0,2,5,3,0,0,0,0,0,5,0,6,39,83,83,26,11,0,0,2,3,1,2,0,0,0,0,0,0,0,0,0,0,0,0,0,2,0,0,0,7,11,9,6,0,0,0,0,0,0,0,0,0,0,0,0,0,0,0,0,0,0,0,0,2,0,0,0,1,2,0,0,0,0,0,0,0,0,0,0,0,0,0,0,0,0,0,0,0,0,0,0,1,0,0,0,0,0,0,0,0,0,0,0,0,0,0,0,0,0,0,0,0,0,0,0,0,0,0,0,0,0,1,1,2,2,3,4,0,0,0,0,0,0,0,0,0,0,0,0
44,0,0,0,0,0,0,0,0,0,0,1,1,0,2,7,0,0,0,0,3,1,0,0,1,0,0,0,0,0,0,0,0,0,0,0,0,2,0,0,6,1,0,2,0,1,1,1,0,0,0,1,3,0,0,0,0,0,0,0,0,0,0,0,0,6,0,3,9,4,0,0,0,1,4,4,0,0,2,5,0,0,0,0,0,0,0,0,0,0,0,0,0,3,0,0,1,1,0,3,5,0,0,4,1,0,1,3,0,0,0,0,0,0,0,0,0,0,0,0,0,0,0,0,0,2,1,0,0,1,0,0,3,0,0,3,0,0,0,0,0,0,0,0,0,0,0,0,0,5,0,0,0,0,0,13,40,49,10,0,2,0,0,5,2,0,0,0,0,0,0,0,0,0,0,0,0,6,0,2,13,4,0,56,147,138,50,0,0,1,0,2,3,0,0,0,0,0,0,0,0,0,0,0,0,0,7,41,68,35,0,66,195,213,89,2,0,0,0,0,0,0,0,0,0,2,0,0,0,0,0,0,2,0,24,153,223,103,0,79,205,211,71,1,0,4,2,1,0,0,0,3,4,2,0,0,0,0,0,0,1,14,92,218,220,76,6,103,224,177,50,4,1,3,0,0,0,6,0,0,1,1,0,1,0,2,1,0,5,52,171,240,154,25,16,130,236,144,22,0,0,0,2,0,0,2,0,1,0,1,1,1,0,2,0,0,22,124,223,189,67,0,48,168,232,105,5,2,3,2,6,1,3,0,0,6,0,1,2,2,0,0,0,5,61,205,224,115,20,3,88,215,208,81,3,0,0,0,18,45,62,20,1,2,0,0,1,3,0,0,0,26,120,238,168,45,0,0,108,235,169,42,0,0,27,78,134,174,174,53,5,0,0,0,0,5,0,1,0,52,185,226,113,13,0,24,146,239,150,46,58,98,157,215,235,230,178,45,3,0,0,0,0,6,2,4,2,71,227,210,99,23,23,83,206,249,159,149,197,231,244,225,168,123,49,12,0,7,1,1,0,0,2,3,0,73,199,224,178,153,157,196,240,245,239,240,220,185,139,90,45,11,0,0,0,0,0,0,0,0,2,2,0,35,115,205,230,238,221,244,255,229,179,118,96,62,28,5,0,0,4,0,0,0,0,0,2,1,1,1,0,3,31,72,111,119,123,202,243,151,52,14,11,5,0,0,0,0,1,0,0,0,0,1,4,2,0,0,1,0,0,5,5,0,51,189,227,104,0,0,0,0,2,2,2,2,1,0,0,0,0,2,3,2,0,0,3,4,0,6,0,0,64,174,175,66,3,2,0,0,0,0,0,1,3,0,0,0,0,0,0,1,1,0,0,1,1,0,0,0,23,68,60,9,1,0,0,3,5,5,2,0,0,0,0,0,0,0,0,0,1,1,0,0,0,6,2,2,0,0,4,0,5,0,0,0,0,0,0,0,0,0,0,0,0,0,2,0,0,2,1,0,3,0,0,6,3,0,1,0,0,0,0,0,0,1,1,2,2,0,0,0,0,0,0,0,0,0,0,0,0,0,0,0,0,0,0,0,0,0,0,0,0,0,0,0,0,0,0,0,0,0,0,0,0,0,0,0,0,0,0,0,0,0,0,0,0,0,0,0,0,0,0,0,0,0,0,0,0,0,0,0,0,0,0,0,0,0,0,0,0,0,0,0,0,0,0,0,0,0,0,0,0,0,0,0,0,0,0,0,0,0,0,0,0,0,0,0,0,0,0,0,0,0,0,0,0,0,0,0,0,0,0,0,0
444,0,0,0,0,0,0,0,0,0,2,0,0,5,0,0,5,0,0,0,0,0,0,0,0,0,0,0,0,0,0,0,0,0,0,0,0,0,6,1,0,0,0,0,5,0,0,0,0,0,0,0,0,0,0,0,0,0,0,0,0,0,0,0,0,0,3,4,0,2,2,0,0,0,0,0,0,0,0,0,0,0,0,0,0,0,0,0,0,0,0,0,0,3,1,0,0,4,3,0,0,0,0,0,0,0,0,0,0,0,0,0,0,0,0,0,0,0,0,0,0,9,0,0,0,0,0,0,1,0,0,0,0,0,0,0,0,0,0,0,0,0,0,0,0,0,0,0,0,0,9,34,33,12,0,1,1,0,0,0,0,0,0,0,0,0,0,0,0,0,0,0,0,0,0,0,0,11,87,142,108,36,6,5,0,0,0,0,0,0,0,0,0,0,0,0,0,0,0,0,0,0,0,0,0,83,189,245,161,39,0,4,0,0,0,0,0,0,0,0,0,0,0,0,0,2,0,2,0,7,1,0,52,175,242,175,67,9,1,1,3,0,0,1,4,3,5,4,0,0,0,0,0,0,0,1,0,3,0,14,105,220,192,86,14,0,0,4,3,23,69,88,60,23,3,0,0,0,0,0,0,0,0,0,0,0,0,53,175,232,128,13,0,2,0,19,62,159,193,213,182,104,23,0,8,0,0,0,0,0,1,0,0,0,7,101,224,187,72,0,9,8,5,83,188,243,201,220,248,169,40,0,1,0,0,0,0,1,5,0,0,0,37,150,232,131,27,0,6,0,45,172,255,173,122,174,238,159,37,0,0,0,0,0,0,2,7,0,0,1,70,190,212,91,1,0,0,1,114,218,199,105,138,215,213,95,8,4,7,0,0,0,0,0,4,0,3,3,95,219,186,57,0,1,2,55,179,221,148,142,205,221,133,26,0,0,2,0,0,0,0,0,1,0,5,2,107,234,171,32,5,0,4,104,214,223,177,216,227,143,29,0,5,0,0,0,0,0,0,2,0,0,5,2,109,233,160,40,7,0,50,171,239,226,235,218,115,34,9,0,0,4,0,0,0,0,0,2,3,0,4,0,76,208,223,101,32,50,145,224,252,229,194,101,37,0,0,0,0,5,0,0,0,0,0,0,1,0,0,1,36,151,249,211,169,174,235,255,235,163,79,15,0,0,1,0,1,5,0,0,0,0,0,0,0,0,0,4,5,66,169,219,240,228,247,252,162,54,0,3,0,4,7,0,0,3,0,0,0,0,0,7,3,2,0,3,0,0,50,91,120,166,233,204,69,0,0,2,1,2,0,0,0,3,0,0,0,0,0,1,0,2,0,1,0,0,0,2,18,148,247,146,15,0,9,0,0,0,0,0,3,4,0,0,0,0,0,0,0,0,0,1,4,3,0,1,49,200,236,93,3,6,0,2,4,3,1,1,2,1,0,0,0,0,0,0,9,0,0,1,0,3,3,0,98,221,188,60,5,0,0,0,3,2,0,0,0,0,1,0,0,0,0,0,0,0,0,0,0,0,0,1,95,221,121,19,0,0,1,0,0,0,0,0,0,0,0,0,0,0,0,0,0,0,0,0,0,0,0,0,22,83,36,0,0,0,0,0,0,0,0,0,0,0,0,0,0,0,0,0,0,0,0,0,0,0,0,8,0,1,0,0,6,0,0,0,0,0,0,0,0,0,0,0,0,0,0,0,0,0,0,0,0,0,0,0,2,0,3,1,2,0,0,0,0,0,0,0,0,0,0,0,0,0,0
5,0,0,1,0,0,0,0,0,0,0,4,5,0,0,1,2,0,3,4,0,0,0,2,1,1,5,4,0,0,0,0,0,0,0,0,0,2,4,10,15,16,14,9,4,3,6,5,2,4,8,7,1,3,0,0,0,0,0,0,0,1,0,0,1,6,17,29,42,51,41,21,9,14,20,26,32,40,45,38,27,19,4,0,4,2,0,0,1,1,0,0,3,10,49,87,115,125,97,56,39,50,66,85,101,112,116,109,98,65,27,3,6,5,1,0,2,0,0,0,8,25,97,165,205,213,169,118,105,127,147,169,183,192,196,193,187,146,75,15,0,5,1,2,3,0,0,4,20,56,142,212,246,251,208,171,180,210,223,234,238,241,244,243,240,214,121,33,2,1,0,1,4,0,0,12,35,96,177,231,247,248,213,192,222,250,252,251,250,251,251,240,228,200,112,31,7,0,0,0,3,0,0,18,45,125,202,245,251,249,212,195,230,249,246,241,241,245,239,216,193,138,66,10,2,1,3,4,0,0,3,20,72,155,221,245,252,242,185,151,163,191,210,218,206,194,179,144,107,56,27,5,3,0,0,0,0,2,7,33,95,182,238,254,252,231,163,107,92,109,125,133,125,115,103,78,51,23,6,0,0,0,0,0,0,3,10,46,120,202,246,254,248,229,170,109,73,56,60,59,50,41,33,20,8,2,0,0,3,4,0,0,0,3,9,50,132,210,247,251,243,231,198,159,124,90,73,48,27,13,5,1,0,1,2,2,2,4,0,0,0,4,9,47,127,203,243,252,246,240,229,217,196,168,134,86,45,17,2,0,0,0,0,0,0,0,0,0,0,5,9,39,107,187,235,255,255,255,250,251,242,232,200,148,90,41,11,1,0,0,0,0,0,0,0,0,0,5,6,22,75,146,201,231,245,251,247,251,250,254,244,207,143,73,25,6,3,0,0,1,4,1,1,2,0,3,1,7,48,83,142,181,210,232,236,246,252,247,255,239,175,92,31,6,2,2,0,0,0,0,2,5,3,0,0,2,7,34,59,102,137,172,197,214,243,251,254,243,196,117,42,7,3,0,0,0,0,0,2,4,2,0,0,1,4,18,27,45,67,110,158,197,236,251,255,248,199,118,45,8,1,0,0,0,0,0,1,2,1,0,0,0,0,0,2,10,34,92,155,203,242,247,255,245,190,111,44,9,0,0,0,0,0,0,0,0,0,1,0,0,0,0,8,28,71,135,189,223,248,246,250,228,166,90,35,8,0,0,0,0,0,0,0,0,0,0,0,0,0,5,31,70,127,187,220,236,247,251,241,201,133,65,23,5,0,0,0,0,0,0,0,0,0,0,0,2,4,18,68,124,181,228,246,249,248,243,215,162,97,42,12,1,0,0,0,0,0,0,0,0,0,0,0,5,10,66,135,191,227,249,253,249,236,206,166,109,58,22,3,0,0,0,0,0,0,0,0,1,0,0,0,7,15,126,201,243,247,243,239,231,211,165,121,67,29,9,0,0,1,0,0,0,0,3,1,0,1,5,0,3,26,137,212,237,233,233,212,178,148,98,60,23,9,5,0,0,5,0,0,0,0,2,2,0,0,4,0,1,18,89,144,164,163,158,134,104,75,49,27,7,2,3,0,0,0,0,0,0,0,0,3,0,0,3,0,0,6,12,42,56,65,63,51,41,21,11,4,0,0,1,0,0,0,0,0,0,0,0,4,0,0,3,1,0,0,2,9,11,20,17,11,17,5,5,5,3,0,0,1,1,0,0,0,0,0
55,0,1,2,4,0,0,2,0,1,0,2,5,0,0,5,0,0,0,0,0,0,0,0,0,0,0,0,0,0,2,1,1,0,0,2,0,5,3,0,9,11,0,2,2,0,0,0,0,0,0,0,0,0,0,0,0,0,3,0,0,1,2,0,1,11,39,8,0,3,0,0,3,0,0,0,0,0,0,0,0,0,0,0,0,1,2,0,0,3,2,0,10,97,166,89,0,0,0,4,0,0,0,0,0,0,0,0,0,0,0,0,0,0,0,1,0,4,0,0,34,189,255,143,11,0,3,4,0,0,0,0,0,0,0,0,0,0,0,0,0,0,0,2,0,4,0,3,77,213,227,101,3,2,0,0,0,0,0,0,0,0,0,0,0,0,0,0,0,1,0,3,0,3,0,19,128,226,163,42,1,9,0,3,4,0,0,0,0,0,0,0,0,0,0,0,0,3,0,3,0,2,0,32,163,234,121,6,0,4,0,5,4,0,0,0,0,0,0,0,0,0,0,0,0,0,0,0,0,0,2,76,201,216,78,3,0,0,3,0,0,1,3,10,37,35,8,1,1,0,0,0,0,0,0,3,4,1,6,81,210,182,58,17,39,37,29,34,58,67,100,140,167,126,45,2,0,0,0,0,0,0,0,4,3,2,8,86,223,179,68,79,160,173,163,170,178,203,220,232,224,150,49,4,0,0,0,0,0,0,0,0,0,0,4,80,212,200,101,116,205,232,233,238,225,204,184,146,116,65,11,0,3,0,0,0,0,0,0,1,0,0,0,52,157,232,176,132,127,118,100,97,99,76,57,23,12,4,0,0,0,0,0,0,0,0,0,5,4,0,0,16,79,200,246,224,180,146,78,19,1,5,6,0,0,0,0,4,0,0,0,0,0,2,0,4,4,3,0,0,22,61,152,203,227,237,194,109,22,0,3,0,0,0,0,2,0,0,0,0,0,5,0,0,0,1,4,0,2,8,25,55,112,171,227,202,80,0,2,0,4,2,0,1,0,0,0,0,0,0,0,0,0,0,0,0,0,1,10,2,6,54,183,237,110,0,0,0,0,0,0,0,0,0,0,0,0,0,0,0,0,0,0,0,0,0,0,0,0,43,175,232,115,0,0,0,0,0,0,0,0,0,0,0,0,0,0,0,0,0,0,0,0,0,3,1,5,67,196,220,96,0,0,0,0,0,0,0,0,0,0,0,0,0,0,0,0,0,0,0,0,0,11,4,23,125,226,182,48,0,0,0,0,0,0,0,0,0,0,0,0,0,0,0,0,0,0,0,0,0,5,0,58,188,224,117,7,0,0,0,0,0,0,0,0,0,0,0,0,0,0,0,0,0,0,0,0,1,0,22,130,230,180,56,0,0,0,0,0,0,0,0,0,0,0,0,0,0,0,0,0,0,0,0,0,0,9,84,200,212,105,19,0,0,0,0,0,0,0,0,0,0,0,0,0,0,0,0,0,0,0,0,0,0,22,132,226,157,36,1,0,0,0,0,0,0,0,0,0,0,0,0,0,0,0,0,0,0,0,0,0,0,8,66,105,61,5,0,5,0,0,0,0,0,0,0,0,0,0,0,0,0,0,0,0,0,0,0,0,0,0,13,22,3,0,0,0,0,0,0,0,0,0,0,0,0,0,0,0,0,0,0,0,0,0,0,0,0,0,0,0,0,2,1,0,0,0,0,0,0,0,0,0,0,0,0,0,0,0,0,0,0,0,0,0,3,2,0,0,3,0,0,4,0,0,0,0,0,0,0,0,0,0,0,0
555,0,0,0,0,0,0,0,0,0,1,0,0,4,0,0,2,5,0,0,0,0,0,0,4,0,0,0,0,0,0,0,0,0,0,0,0,7,4,0,1,5,1,0,6,0,0,0,1,4,3,0,0,0,0,0,0,0,0,0,0,0,0,0,0,1,0,0,3,4,1,0,1,4,3,2,0,0,1,2,1,0,0,0,0,0,0,0,0,0,0,0,0,0,0,3,2,0,2,3,0,0,0,1,0,0,0,0,0,0,0,0,0,0,0,0,0,0,0,0,0,0,6,3,0,0,0,2,4,0,2,5,6,5,3,0,0,0,0,0,0,0,0,0,0,0,0,0,0,3,6,0,1,22,10,0,3,5,0,0,0,0,0,0,6,0,0,0,0,0,0,0,0,0,0,0,0,0,0,4,64,117,62,0,4,1,3,14,22,11,0,0,8,0,0,0,0,0,0,0,0,0,0,0,0,0,0,31,145,223,129,14,15,35,62,103,118,80,20,0,0,0,0,0,0,0,0,0,0,0,0,0,0,5,0,82,208,217,148,121,137,164,196,226,224,149,45,0,0,0,0,0,0,0,0,0,0,0,0,0,0,0,15,116,220,234,216,225,237,228,211,176,136,71,7,0,0,0,0,0,0,0,0,0,0,0,0,0,0,0,29,146,250,244,200,165,129,119,91,53,27,6,0,1,5,0,0,0,0,0,0,0,0,0,0,0,0,1,27,150,243,184,82,33,10,4,0,0,0,0,2,4,0,0,0,0,0,0,0,0,0,0,0,0,0,0,13,128,233,198,103,41,6,3,0,4,7,0,0,0,0,0,0,0,0,0,0,0,0,0,0,0,0,6,0,67,177,237,233,172,95,32,2,0,3,0,0,2,7,0,0,0,0,0,0,0,0,0,0,0,0,9,0,7,56,130,204,234,222,125,46,6,4,3,3,2,2,0,0,0,0,0,0,0,0,0,0,0,0,0,0,0,0,20,80,160,215,234,104,15,0,0,3,0,0,0,0,0,0,0,5,3,0,0,1,2,1,0,3,0,4,8,0,52,164,245,127,25,0,0,0,0,0,0,0,0,0,0,0,0,3,5,0,3,0,0,3,0,0,0,27,104,191,226,104,12,0,0,2,5,0,0,0,0,0,1,0,0,8,0,0,7,0,0,0,3,11,48,124,194,223,159,59,0,0,0,1,5,0,0,0,0,0,0,7,4,2,0,27,88,83,63,68,92,127,176,228,224,171,64,13,0,2,1,0,0,0,0,0,0,0,0,5,0,0,0,65,181,221,193,198,216,231,231,204,127,40,2,0,0,3,2,0,0,1,0,0,0,0,0,0,0,1,0,36,135,195,218,210,195,165,121,73,24,0,0,1,1,0,2,0,0,2,0,0,0,0,0,0,0,5,0,0,28,63,96,86,66,37,8,0,1,10,4,4,1,0,1,2,1,0,0,0,0,0,0,2,0,1,2,0,0,5,0,0,1,3,1,0,0,0,5,0,0,0,0,1,1,0,0,0,0,0,0,0,0,0,0,0,0,0,0,0,0,0,0,0,0,0,0,0,0,0,0,0,0,0,0,0,0,0,0,0,0,0,0,0,0,0,0,0,0,0,0,0,0,0,0,0,0,0,0,0,0,0,0,0,0,0,0,0,0,0,0,0,0,0,0,0,0,0,0,0,0,0,0,0,0,0,0,0,0,0,0,0,0,0,0,0,0,0,0,0,0,0,0,0,0,0,0,0,0,0,0,0,0,0,0,0,0,0,0,0,0,0
6,0,3,2,2,5,1,0,7,6,5,33,76,91,70,35,6,0,0,0,0,0,0,0,0,0,0,0,0,0,3,0,0,3,0,0,0,5,45,102,156,191,172,99,29,9,6,3,0,0,0,0,0,0,0,0,0,1,2,0,0,3,0,0,4,29,111,183,225,255,231,129,36,21,14,5,0,0,0,0,0,0,0,0,0,2,0,0,2,4,0,7,33,93,176,229,241,248,205,106,29,19,11,1,0,0,2,1,0,0,0,0,0,1,0,0,4,0,0,24,75,166,221,247,240,219,152,66,21,7,1,0,0,0,3,1,0,0,0,0,0,0,0,0,0,0,5,58,127,211,244,255,233,175,90,24,8,1,0,0,0,0,2,1,0,0,0,0,0,0,1,0,0,8,41,113,188,236,249,243,194,113,39,5,5,7,5,3,1,1,1,1,0,0,0,0,0,0,2,0,0,22,77,161,236,252,244,214,146,67,23,17,20,16,14,10,5,2,0,1,1,0,0,0,0,2,0,1,10,47,130,212,242,255,234,177,110,74,74,79,74,74,65,49,27,21,12,0,3,1,0,0,0,1,0,2,26,85,169,233,251,236,206,167,143,145,159,165,163,156,144,121,89,64,36,7,6,2,0,0,0,0,2,6,52,135,212,251,251,234,211,196,206,225,233,234,235,231,219,199,167,130,83,35,17,6,0,0,0,0,4,17,84,177,235,252,241,229,227,234,247,251,245,244,250,251,246,237,222,193,142,81,42,14,1,1,0,0,10,39,124,210,245,248,229,227,234,242,243,238,235,240,246,247,248,248,247,234,194,131,74,26,5,2,0,0,19,70,166,233,251,244,207,185,179,173,173,181,195,210,219,231,243,250,254,250,227,173,106,41,10,4,0,2,32,99,196,244,251,232,168,90,68,56,69,89,106,127,148,180,214,240,251,251,242,200,130,55,16,6,0,5,40,116,209,244,246,219,131,43,12,1,20,32,32,51,82,121,176,224,244,248,248,214,144,63,20,7,0,8,59,156,229,251,248,191,102,31,8,0,2,7,4,11,26,74,155,207,240,255,252,218,145,67,16,2,0,10,68,168,237,251,237,170,77,13,0,0,2,1,0,8,28,73,160,216,243,251,243,209,138,59,13,2,1,21,82,180,245,253,231,157,62,7,0,0,4,1,2,27,58,120,192,234,250,252,237,191,115,44,7,1,2,25,84,178,240,251,231,163,77,18,12,11,18,27,46,88,128,188,228,245,253,250,221,158,78,28,2,0,2,13,73,168,236,252,238,189,127,69,61,61,75,98,129,172,207,232,248,251,249,229,179,109,41,14,0,0,2,7,62,154,230,255,255,229,197,168,160,159,173,192,212,234,251,253,255,252,230,182,115,56,15,4,0,1,1,8,39,112,193,241,255,253,242,242,236,234,241,248,249,250,253,244,236,210,167,108,52,19,3,0,0,1,0,5,9,57,140,207,240,249,248,251,248,247,251,251,246,242,242,212,189,143,90,43,14,5,2,0,0,2,0,0,4,25,69,129,184,220,235,233,238,241,239,234,222,199,178,140,99,55,30,15,1,0,4,0,0,0,0,0,0,2,18,50,90,127,149,171,176,177,170,158,139,112,89,54,32,11,4,1,0,0,1,0,0,0,0,3,2,2,4,11,26,43,56,59,65,69,65,59,49,34,20,11,5,1,0,0,0,0,1,0,0,0,0,0,1,1,1,1,2,4,6,11,15,15,10,7,7,4,0,1,3,3,0,0,0,2,2,0,0,0,0
66,0,0,0,0,0,0,0,0,0,4,1,0,0,1,0,1,3,0,0,0,0,0,0,2,0,0,0,0,0,0,0,0,0,0,0,0,3,0,0,1,1,0,6,54,72,32,0,0,3,2,0,0,0,0,0,0,0,0,0,0,0,0,0,0,2,0,0,7,2,6,77,174,210,120,30,0,1,1,0,4,0,0,0,0,0,0,0,0,0,0,0,0,0,3,7,0,7,72,177,252,245,146,44,1,0,0,0,6,0,0,0,0,0,0,0,0,0,0,0,0,0,4,0,0,48,166,223,190,114,63,14,0,0,0,0,0,0,0,0,0,0,0,0,0,0,0,0,0,3,0,0,29,138,237,195,74,9,1,0,0,3,2,0,0,0,0,0,0,0,0,0,0,0,0,0,0,0,0,13,102,218,221,109,14,1,1,2,3,2,2,2,3,0,0,0,0,0,0,0,0,0,0,0,0,0,5,42,158,245,154,24,5,3,0,0,0,0,0,0,0,0,0,0,0,1,3,0,2,0,0,0,0,0,1,110,223,194,75,1,0,0,2,3,1,1,0,0,0,0,0,0,0,0,5,1,1,0,0,3,0,4,48,172,229,133,24,0,3,0,0,0,0,0,2,2,0,0,0,0,0,0,6,3,0,0,0,3,3,9,101,216,201,66,0,4,2,2,2,3,2,0,1,2,0,0,0,0,0,0,5,1,0,0,1,0,0,30,163,226,138,21,0,9,0,2,0,3,7,1,0,0,0,0,0,0,0,0,2,0,0,4,3,0,0,76,219,204,79,38,66,81,66,31,1,0,0,0,0,0,0,0,0,0,0,1,0,0,0,7,2,0,15,129,237,161,69,133,197,204,199,121,43,0,0,0,0,2,1,0,0,0,0,0,0,0,0,5,0,2,44,177,226,117,63,157,202,205,227,204,86,3,0,4,1,1,0,0,0,0,0,0,0,3,3,3,0,8,69,209,213,76,12,64,74,109,183,226,92,0,0,3,0,0,0,0,0,0,0,1,0,5,0,0,1,9,102,234,184,43,0,0,7,96,211,207,62,2,3,1,6,0,0,0,0,0,0,0,0,4,0,0,0,13,122,251,147,14,0,0,37,146,230,156,38,0,2,0,5,1,0,0,0,0,0,0,2,1,0,2,0,19,147,249,124,5,0,18,117,222,218,86,8,0,1,0,3,1,0,0,0,0,0,0,4,0,0,5,0,21,158,246,121,5,22,94,206,232,131,31,0,0,3,0,1,1,0,0,0,0,0,0,4,0,0,5,0,18,140,250,151,59,114,201,229,155,41,5,0,3,5,0,0,1,1,0,0,0,0,0,3,0,0,4,0,10,97,232,230,197,221,225,154,58,7,0,0,7,4,0,1,1,2,0,0,0,0,0,1,0,0,1,3,0,47,148,222,227,194,126,51,4,0,1,2,4,0,0,2,0,0,0,0,0,0,0,0,1,1,0,6,0,13,34,98,99,65,19,3,1,0,1,2,0,0,1,3,0,0,0,0,0,0,0,0,0,0,0,0,0,0,1,1,1,1,1,1,1,1,0,0,0,0,0,0,0,0,0,0,0,0,0,0,0,0,0,0,0,0,1,1,1,1,1,1,1,1,0,0,0,0,0,0,0,0,0,0,0,0,0,0,0,0,0,0,0,0,1,1,1,1,1,1,1,1,0,0,0,0,0,0,0,0,0,0,0,0,0,0,0,0,0,0,0,0,1,1,1,1,1,1,1,1,0,0,0,0,0,0,0,0,0,0,0,0
666,0,0,0,0,0,0,0,0,0,0,0,0,0,0,2,6,0,0,0,0,0,0,2,0,0,0,0,0,0,0,0,0,0,0,0,0,4,0,0,0,0,7,3,0,3,6,0,3,7,5,7,3,0,0,0,0,0,0,0,0,0,0,0,0,2,0,0,0,0,0,4,13,25,26,0,0,4,0,1,0,0,0,0,0,0,0,0,0,0,0,0,0,0,0,0,4,0,0,42,118,158,129,41,0,3,0,0,3,0,0,0,0,0,0,0,0,0,0,0,0,0,0,3,0,0,44,141,219,241,188,67,4,1,0,4,9,0,0,0,0,0,0,0,0,0,0,0,0,4,0,4,0,21,136,230,222,129,96,22,0,1,1,3,0,0,0,0,0,0,0,0,0,0,0,0,0,4,0,0,17,92,209,221,128,16,10,0,0,6,5,2,0,0,0,0,0,0,0,0,0,0,0,0,0,0,0,0,43,162,234,159,34,5,2,2,2,0,0,2,0,0,0,0,0,0,0,0,0,0,0,0,0,10,0,15,106,213,203,73,14,0,12,8,0,1,6,0,0,0,0,0,0,0,0,0,0,0,0,0,0,0,0,51,178,227,134,18,0,0,2,2,0,0,0,0,1,0,0,0,0,0,0,0,0,0,0,0,0,0,12,106,229,194,64,3,6,12,0,0,4,12,6,0,3,0,0,0,0,0,0,0,0,0,0,0,0,1,38,156,223,155,98,108,112,103,69,29,3,0,3,4,0,0,0,0,0,0,0,0,0,0,0,0,0,0,89,215,220,184,211,232,229,219,199,151,69,0,0,5,1,0,0,0,0,0,0,0,0,0,0,0,0,16,150,248,194,181,207,179,173,187,220,244,185,68,2,1,6,0,0,0,0,0,0,0,0,0,0,0,0,49,183,227,120,81,77,40,33,54,101,200,234,135,23,0,0,0,0,0,0,0,0,0,0,0,0,0,0,91,203,208,73,3,0,4,1,2,11,120,220,166,46,0,8,0,0,0,0,1,1,1,1,1,1,1,1,99,232,176,46,4,0,2,3,6,0,120,235,162,34,0,2,0,0,0,0,1,1,1,1,1,1,1,1,122,240,150,12,0,1,0,0,0,49,170,222,125,23,0,0,0,0,0,0,1,1,1,1,1,1,1,1,122,248,161,16,4,3,0,14,44,141,232,197,74,5,3,2,0,0,0,0,1,1,1,1,1,1,1,1,103,234,189,52,8,13,49,103,173,218,216,125,26,0,3,0,0,0,0,0,1,1,1,1,1,1,1,1,68,192,231,174,136,148,187,216,243,194,108,30,0,0,1,0,0,0,0,0,1,1,1,1,1,1,1,1,19,109,207,247,250,251,234,200,140,78,14,0,0,2,0,0,0,0,0,0,1,1,1,1,1,1,1,1,0,24,84,130,145,138,106,72,18,0,0,5,6,0,0,3,0,0,0,0,1,1,1,1,1,1,1,1,1,0,2,12,14,4,0,2,4,0,2,8,0,0,1,0,0,0,0,0,0,0,0,0,0,0,0,0,0,0,0,0,0,0,0,0,0,0,0,0,0,0,0,0,0,0,0,0,0,0,0,0,0,0,0,0,0,0,0,0,0,0,0,0,0,0,0,0,0,0,0,0,0,0,0,0,0,0,0,0,0,0,0,0,0,0,0,0,0,0,0,0,0,0,0,0,0,0,0,0,0,0,0,0,0,0,0,0,0,0,0,0,0,0,0,0,0,0,0,0,0,0,0,0,0,0,0,0,0,0,0,0
7,0,0,3,5,0,0,3,0,4,1,0,3,6,7,4,0,0,0,1,0,14,0,4,0,0,0,0,0,5,0,0,0,0,0,2,0,1,0,0,0,0,0,0,4,13,26,17,0,0,0,0,0,0,0,0,0,1,0,0,0,0,0,4,2,0,2,3,3,3,11,34,59,128,149,116,48,0,0,0,0,0,0,0,0,0,0,0,3,3,0,0,0,0,0,1,16,54,111,182,241,242,255,226,125,15,2,0,0,0,0,0,0,5,2,0,4,4,0,0,0,2,30,74,143,219,255,254,249,237,255,255,154,17,0,0,5,0,0,0,0,3,0,0,0,0,0,3,19,105,170,227,254,255,246,222,216,198,235,248,141,14,0,0,3,0,0,0,0,0,0,0,0,1,0,10,34,210,248,255,236,212,160,84,35,204,248,244,104,8,0,0,0,0,0,0,0,2,4,2,3,4,0,0,25,76,134,143,94,50,23,12,20,217,255,234,61,0,1,0,2,0,0,0,0,0,0,0,0,0,0,0,0,9,11,16,9,0,1,4,70,242,248,226,22,5,2,4,3,0,0,0,0,0,0,0,0,0,0,0,0,2,2,6,2,0,5,11,122,246,255,192,17,3,0,1,0,0,0,0,0,0,0,0,0,0,0,0,0,0,0,0,0,0,5,15,185,247,255,134,9,2,0,1,0,0,0,0,0,0,0,0,0,0,0,0,0,4,0,0,0,0,0,21,226,248,253,76,2,3,0,5,1,0,0,0,0,0,0,0,0,0,0,0,0,3,0,1,0,1,0,49,243,254,232,36,0,3,0,4,0,0,0,0,0,0,0,0,0,0,0,0,0,0,0,1,2,3,3,107,250,255,197,17,0,2,0,0,0,0,0,0,0,0,0,0,0,0,0,0,0,0,0,0,0,2,12,174,254,252,151,8,0,0,0,0,0,0,0,0,0,0,0,0,0,0,0,0,0,1,2,0,0,0,17,218,255,241,116,2,0,0,2,0,4,0,0,0,0,0,0,0,0,0,0,0,0,2,0,0,9,2,33,240,251,241,39,5,4,1,2,0,1,0,0,0,0,0,0,0,0,0,0,0,0,2,0,0,2,9,58,240,255,199,26,2,1,0,1,0,2,0,0,0,0,0,0,0,0,0,0,0,0,1,0,2,0,17,90,246,253,134,9,0,0,0,1,0,3,0,0,0,0,0,0,0,0,0,0,0,0,0,0,2,0,18,113,253,220,73,0,0,0,0,1,0,2,0,0,0,0,0,0,0,0,0,0,0,0,0,1,0,0,14,116,244,161,31,0,3,0,1,1,0,0,0,0,0,0,0,0,0,0,0,0,0,0,0,3,0,3,11,105,204,93,11,0,4,0,1,1,0,0,0,0,0,0,0,0,0,0,0,0,0,0,1,2,0,0,12,92,142,37,5,3,0,0,0,0,2,0,0,0,0,0,0,0,0,0,0,0,0,0,3,0,0,0,16,83,95,8,3,3,0,0,0,0,4,0,0,0,0,0,0,0,0,0,0,0,0,0,0,1,0,0,6,16,14,6,0,0,0,0,0,0,0,0,0,0,0,0,0,0,0,0,0,0,0,0,1,0,0,0,0,4,2,0,0,0,0,0,0,0,0,0,0,0,0,0,0,0,0,0,0,0,0,0,2,0,0,0,0,0,0,0,0,0,0,0,0,0,0,0,0,0,0,0,0,0,0,0,0,0,0,0,3,0,0,3,3,0,0,3,0,0,0,0,0,0,0,0,0,0,0,0
77,0,0,0,0,0,0,0,0,0,0,0,0,0,0,0,0,0,0,1,0,0,2,0,0,0,0,0,0,4,0,0,2,2,0,0,3,1,2,2,2,1,0,0,0,0,0,0,0,0,2,2,5,0,0,0,0,0,0,0,2,2,0,0,2,1,0,0,0,0,1,1,0,5,1,5,4,1,0,0,3,0,0,0,0,0,0,1,0,0,0,0,1,0,0,0,0,2,2,0,0,0,0,2,1,1,3,0,0,0,0,0,0,1,3,1,0,0,4,6,4,0,1,1,0,0,0,3,8,20,22,25,3,0,7,1,0,0,0,0,0,1,0,0,0,1,0,0,0,0,1,0,0,8,32,68,95,150,151,124,42,0,3,1,0,0,0,0,0,4,0,1,4,0,0,0,19,0,12,38,72,114,160,200,225,226,244,210,80,0,0,0,0,0,0,0,0,0,0,0,5,0,0,43,99,121,139,173,211,237,235,212,189,170,221,214,85,0,1,5,1,0,0,0,0,0,1,0,1,0,0,98,244,233,248,236,209,174,127,90,67,116,224,178,49,2,2,0,0,0,0,0,0,1,3,0,1,3,0,45,129,160,152,117,74,43,12,0,8,140,226,153,30,0,0,4,0,0,0,0,0,1,2,0,0,6,0,0,18,30,25,10,0,0,0,2,50,172,222,116,11,0,0,5,1,0,0,0,0,0,0,0,0,1,1,0,0,0,0,1,0,11,0,0,69,201,208,80,2,6,0,4,0,0,0,0,0,0,0,0,0,0,2,5,3,0,0,0,0,9,0,9,104,223,182,49,0,8,0,3,0,0,0,0,0,0,0,0,0,0,0,3,5,4,0,1,0,3,0,27,140,231,144,23,0,4,0,3,1,0,0,0,0,1,0,0,0,3,1,0,0,0,0,0,0,0,0,50,174,219,99,5,0,2,0,1,2,0,0,0,0,0,1,0,0,7,5,0,0,3,3,3,0,1,7,80,214,200,66,0,8,6,0,0,0,0,0,0,0,0,0,0,0,0,0,0,0,3,0,0,0,0,10,120,228,163,30,0,7,0,1,0,2,0,0,0,0,0,0,0,0,0,0,0,0,0,0,0,5,1,33,153,230,134,20,0,5,0,1,0,2,0,0,0,0,0,0,0,0,0,0,0,0,0,0,2,6,0,63,192,218,90,7,0,3,0,1,0,2,0,0,0,0,0,0,0,0,0,0,0,0,0,1,1,1,0,95,217,188,50,0,0,3,0,2,0,1,0,0,0,0,0,0,0,0,0,0,0,0,2,2,0,0,13,136,228,155,24,0,1,4,0,2,1,0,0,0,0,0,0,0,0,0,0,0,0,0,1,2,2,1,45,181,223,121,10,1,1,4,2,1,1,0,0,0,0,0,0,0,0,0,0,0,0,0,0,1,3,4,76,212,197,79,3,2,0,2,4,0,0,0,0,0,0,0,0,0,0,0,0,0,0,0,0,0,3,4,93,224,169,44,0,1,0,0,4,0,0,0,0,0,0,0,0,0,0,0,0,0,0,0,0,0,1,0,48,110,72,9,0,0,0,0,0,0,0,0,0,0,0,0,0,0,0,0,0,0,0,0,1,0,5,0,6,28,11,0,0,0,0,0,0,0,0,0,0,0,0,0,0,0,0,0,0,0,0,0,0,0,5,1,0,0,0,9,0,0,0,0,0,0,0,0,0,0,0,0,0,0,0,0,0,0,0,0,2,0,0,0,0,2,0,0,0,0,0,0,0,0,0,0,0,0,0,0
777,0,2,1,0,0,7,0,3,0,3,0,0,0,0,0,4,0,0,0,0,0,0,3,3,0,0,0,0,0,5,5,0,0,4,0,1,0,6,4,0,3,0,0,0,2,3,4,6,3,0,0,0,0,0,0,0,0,4,6,0,1,4,0,4,1,4,0,0,0,5,3,1,0,0,0,4,0,0,4,0,0,0,0,0,1,1,1,0,2,4,1,1,0,3,1,0,2,5,1,0,1,1,0,6,1,0,3,3,0,0,0,0,1,0,0,2,2,0,0,0,0,0,3,4,0,0,0,1,4,6,0,0,6,0,0,0,0,0,0,0,1,0,0,5,0,1,16,20,11,0,0,0,0,15,50,78,107,99,29,0,5,2,0,0,0,0,0,0,0,0,0,2,0,22,82,118,48,19,20,58,99,141,185,214,235,231,107,8,4,2,0,1,0,0,0,0,0,0,0,0,0,48,151,219,170,131,137,193,235,241,227,211,223,246,121,1,0,0,0,6,0,0,0,0,0,5,3,1,2,13,90,196,239,248,246,232,199,155,93,138,212,213,81,8,0,3,0,1,0,0,0,0,0,3,0,0,0,0,27,86,147,151,133,103,64,30,13,101,226,182,49,0,2,7,0,0,0,0,0,0,0,3,0,0,1,0,0,9,9,20,12,5,0,0,30,158,234,138,13,0,5,5,0,1,0,0,0,0,0,5,2,0,6,5,0,2,0,5,0,2,5,0,56,185,223,96,0,0,3,0,1,3,0,0,0,0,0,3,0,0,0,0,0,1,4,6,0,2,5,3,89,213,195,63,0,1,2,0,2,1,0,0,0,0,0,0,0,0,0,0,0,0,0,2,0,0,0,2,121,231,160,36,0,2,2,0,2,0,0,0,0,0,0,0,0,0,1,3,3,1,0,0,1,2,0,23,156,235,125,15,0,0,2,0,2,0,0,0,0,0,0,1,4,0,0,0,0,0,6,0,0,1,7,45,177,225,101,2,1,0,0,0,0,1,0,0,0,0,0,0,0,0,0,0,0,0,0,1,0,6,0,76,211,202,71,7,0,1,0,1,0,5,0,0,0,0,0,0,0,0,0,0,0,0,0,2,0,2,0,98,219,180,51,0,0,0,0,2,0,2,0,0,0,0,0,0,0,0,0,0,0,0,0,2,0,0,8,128,229,151,26,0,0,0,0,3,0,0,0,0,0,0,0,0,0,0,0,0,0,0,0,3,2,0,19,152,232,127,8,0,1,0,0,4,0,0,0,0,0,0,0,0,0,0,0,0,0,0,0,3,3,0,35,168,224,110,3,0,5,0,0,3,1,0,0,0,0,0,0,0,0,0,0,0,0,0,0,4,2,1,57,183,210,92,2,2,6,0,0,1,1,0,0,0,0,0,0,0,0,0,0,0,0,0,0,5,0,1,79,200,196,72,0,1,4,0,0,0,0,1,0,0,0,0,0,0,0,0,0,0,0,0,0,6,0,0,94,212,188,57,0,0,1,0,0,0,0,1,0,0,0,0,0,0,0,0,0,0,0,0,0,4,0,0,99,224,162,45,0,0,0,0,0,0,0,0,0,0,0,0,0,0,0,0,0,0,0,0,0,5,0,1,104,227,154,24,0,0,0,0,0,0,0,0,0,0,0,0,0,0,0,0,0,0,0,0,0,2,0,1,67,151,93,8,0,0,0,0,0,0,0,0,0,0,0,0,0,0,0,0,0,0,0,0,0,0,2,0,10,41,15,5,0,0,0,0,0,0,0,0,0,0,0,0
8,0,0,0,0,0,0,0,0,7,0,0,1,2,0,0,0,1,4,0,0,0,0,0,2,0,0,0,0,0,0,0,0,0,0,0,0,2,0,5,2,0,2,7,0,0,5,1,3,0,2,5,0,0,0,0,0,0,0,0,0,0,0,0,0,3,1,1,0,1,0,0,4,36,74,95,79,32,0,0,0,0,0,0,0,0,0,0,0,0,0,0,0,4,3,0,0,8,0,11,90,195,238,255,232,147,24,0,5,0,0,0,0,0,0,0,0,0,0,0,0,3,0,9,0,0,26,116,225,250,255,255,255,229,66,3,0,0,0,0,0,0,0,0,0,0,0,0,0,7,0,6,0,0,113,227,255,255,255,241,255,255,86,10,0,0,0,0,0,0,0,0,0,0,0,0,0,7,0,0,0,70,208,255,245,239,245,246,255,243,61,6,1,0,0,0,0,0,0,0,0,0,0,0,0,0,6,0,16,148,255,254,244,199,235,255,249,216,35,0,0,0,0,0,0,0,0,0,0,0,0,0,0,4,0,11,20,217,255,248,194,230,243,255,245,118,5,1,0,0,0,0,0,0,0,1,0,0,0,1,2,0,0,0,39,236,254,234,210,247,255,255,165,40,0,0,2,0,0,0,0,0,1,2,1,0,0,3,7,7,32,17,71,244,254,244,255,255,242,188,63,0,8,0,0,0,0,0,0,0,1,3,1,0,0,5,11,94,155,128,149,245,249,245,255,245,175,76,0,0,4,0,0,0,0,0,0,0,1,3,1,0,0,5,11,136,240,242,237,255,255,248,225,155,99,15,0,8,0,3,8,0,0,0,0,0,1,2,1,0,0,3,7,39,148,193,208,226,250,229,176,229,153,41,7,2,0,7,0,0,0,0,0,0,0,1,0,0,0,1,2,6,27,25,47,120,211,248,240,183,91,13,0,0,2,6,0,0,0,0,0,0,0,0,0,0,0,0,0,7,0,11,83,192,255,243,219,92,3,0,4,0,1,0,5,0,0,0,0,0,3,0,7,0,0,0,2,4,21,130,228,247,255,228,131,27,2,3,0,8,3,0,0,0,0,0,0,2,1,0,3,0,3,0,0,20,155,233,252,255,218,144,103,30,0,0,0,0,2,0,0,0,0,0,0,4,0,1,0,0,7,0,24,151,241,255,255,227,101,60,167,70,0,0,1,0,2,2,0,0,0,0,0,0,0,5,0,0,0,2,104,255,249,253,220,121,8,32,185,150,37,4,4,0,4,1,0,0,0,0,0,0,0,5,0,4,0,22,210,254,253,249,122,0,0,48,151,222,91,11,2,1,3,0,1,0,0,0,0,0,2,1,0,6,0,38,253,253,255,242,118,21,0,15,113,244,149,34,0,1,0,0,2,0,0,0,0,2,2,0,0,5,0,24,187,255,255,253,225,174,81,23,61,226,208,80,9,2,0,0,2,0,0,0,0,0,0,0,0,4,0,0,94,223,246,253,255,251,223,160,74,204,250,121,22,4,0,1,1,0,0,0,0,1,1,1,1,1,1,1,1,74,169,247,255,249,255,250,224,231,246,205,25,2,0,2,0,0,0,0,0,1,1,1,1,1,1,1,1,0,22,96,196,254,255,250,255,246,255,201,27,0,0,5,1,0,0,0,0,1,1,1,1,1,1,1,1,1,0,0,29,113,209,253,249,249,241,155,22,3,0,0,0,0,0,0,0,1,1,1,1,1,1,1,1,0,0,0,0,0,25,94,162,188,153,59,0,4,1,0,3,0,0,0,0
88,0,0,0,0,0,0,0,0,0,8,4,0,0,0,0,8,0,0,0,0,0,2,0,4,0,0,0,0,0,0,0,0,0,0,0,0,0,1,0,3,5,0,0,4,2,5,4,0,2,5,0,3,0,0,0,0,0,0,0,0,0,0,0,0,0,0,0,2,3,0,6,32,61,70,49,0,0,1,0,0,0,0,0,0,0,0,0,0,0,0,0,0,0,1,0,0,2,38,99,152,198,204,171,75,7,4,2,0,0,0,0,0,0,0,0,0,0,0,0,0,5,3,0,13,63,142,211,242,223,230,242,165,46,3,4,0,0,0,0,0,0,0,0,0,0,0,0,0,1,0,12,89,182,232,204,148,89,122,213,200,70,0,0,5,0,0,0,0,0,0,0,0,0,0,0,0,0,2,73,181,231,188,94,17,6,77,202,202,73,0,0,6,0,0,0,0,0,0,0,0,0,0,0,0,0,42,150,233,188,72,7,3,11,109,224,189,57,0,0,0,0,0,0,0,9,0,0,5,0,0,3,0,0,78,213,201,85,19,0,0,49,185,232,128,21,0,0,0,0,0,0,0,0,0,0,4,0,0,3,0,6,110,222,169,43,0,3,47,152,230,187,60,6,2,0,2,0,0,0,0,0,0,2,2,0,0,1,0,2,137,232,143,23,12,73,155,231,217,108,2,0,8,0,0,0,0,0,0,5,4,2,0,0,3,4,0,0,144,249,199,138,160,202,234,198,118,31,0,2,5,0,0,0,0,0,0,0,0,0,0,6,8,3,0,10,140,250,252,244,255,245,188,94,24,0,8,4,0,3,0,0,0,0,0,0,0,0,3,8,0,0,0,0,128,239,255,248,241,179,92,15,0,0,3,0,0,3,4,0,0,0,0,3,3,1,4,3,0,0,26,91,191,249,246,233,190,93,0,0,2,3,0,0,0,1,3,0,0,0,0,0,0,0,0,0,0,26,75,198,225,192,180,228,218,116,18,3,0,0,3,2,2,1,0,0,0,0,0,0,0,5,5,7,0,64,193,228,168,65,36,134,236,207,105,28,0,5,2,0,6,0,1,0,0,0,0,1,0,0,0,0,19,124,235,180,76,11,3,48,152,224,225,94,16,0,2,0,0,0,0,0,0,0,0,1,1,2,0,0,52,176,236,124,15,0,5,0,52,150,234,182,71,0,3,0,0,10,5,0,0,0,0,0,0,4,1,2,78,202,201,72,0,0,1,0,5,58,173,229,140,28,3,3,0,6,0,0,0,0,0,0,0,0,0,3,98,222,182,57,7,4,2,9,0,4,115,220,182,54,0,7,0,2,0,0,0,0,0,0,0,0,0,5,102,226,178,49,0,0,0,3,0,13,107,221,195,65,0,6,2,5,5,0,0,0,0,1,2,5,1,3,92,217,185,59,6,9,26,44,76,119,182,228,162,46,0,2,0,1,1,0,0,0,0,0,0,2,0,0,82,215,204,131,107,125,147,169,202,220,232,194,91,3,0,3,0,1,0,0,0,0,0,2,4,3,0,0,49,151,240,218,228,233,229,224,208,170,132,52,22,0,0,2,0,0,0,0,0,0,0,4,0,0,4,0,13,71,135,174,168,149,123,101,78,47,21,12,0,0,0,3,0,1,5,0,0,0,0,4,0,0,5,0,0,9,34,40,34,24,13,7,4,1,0,0,0,0,1,1,0,0,0,0,0,0,0,1,2,0,0,0,3,2,0,4,2,1,0,0,0,0,1,0,0,0,0,0,1,0,0,0,0,0,0
888,0,0,0,0,0,0,0,0,6,0,1,5,1,0,3,0,5,0,0,2,0,0,4,7,0,0,0,0,0,0,0,0,0,0,0,0,0,0,0,1,6,4,2,0,0,0,1,1,0,0,0,2,0,0,0,0,0,0,0,0,0,0,0,0,0,2,0,1,6,0,0,4,1,3,0,0,0,4,0,0,0,0,0,0,0,0,0,0,0,0,0,0,0,9,2,2,0,0,23,66,113,96,54,4,0,7,0,1,0,0,0,0,0,0,0,0,0,0,0,0,0,4,0,0,0,20,109,179,236,222,160,52,0,0,0,3,0,0,0,0,0,0,0,0,0,0,0,0,0,2,0,0,1,78,196,237,193,233,214,91,3,0,0,1,0,0,0,0,0,0,0,0,0,0,0,0,3,2,1,0,22,139,232,185,103,193,209,89,4,3,0,0,0,0,0,0,0,0,0,0,0,0,0,0,0,0,1,4,42,179,235,106,113,208,210,73,0,4,0,1,0,0,0,0,0,0,0,0,0,0,0,0,0,2,0,2,74,192,211,116,177,248,148,22,0,5,0,1,0,0,0,0,0,0,0,0,0,0,0,0,7,0,1,0,61,191,232,183,221,202,89,6,0,5,0,0,0,0,0,0,0,0,0,0,0,0,0,0,3,0,4,0,56,189,246,236,214,117,22,0,0,4,4,0,0,0,0,0,0,0,0,0,0,0,0,0,14,44,93,110,148,227,255,234,135,34,0,5,1,1,4,0,0,0,0,0,0,0,0,0,0,0,0,0,35,125,209,240,231,237,246,214,72,0,0,5,0,3,2,0,0,0,0,0,0,0,0,0,0,0,0,0,19,108,167,173,137,139,198,212,79,8,4,0,0,7,1,0,0,0,0,0,0,0,0,0,0,0,0,0,0,27,42,36,29,76,170,224,107,11,3,0,0,6,0,2,0,0,0,0,0,0,0,0,0,0,0,0,2,0,0,15,54,124,191,233,116,0,0,6,1,2,0,7,0,0,0,0,0,1,5,4,2,4,2,0,6,0,14,85,185,219,208,239,130,4,0,2,0,3,0,2,0,0,0,0,0,0,0,0,0,2,2,4,0,21,97,201,234,188,179,231,128,6,0,3,0,1,0,1,0,0,0,0,0,0,0,0,0,0,0,2,2,81,177,230,167,94,149,233,118,6,0,3,0,0,0,0,0,0,0,0,0,0,3,4,6,0,0,4,62,190,235,171,60,53,175,236,98,4,0,3,2,0,0,2,0,0,0,0,2,0,3,2,6,1,0,24,136,242,194,65,10,95,212,195,68,0,0,1,3,0,0,5,0,0,0,0,3,0,0,0,1,1,6,52,186,220,114,20,60,175,225,141,36,0,0,0,2,0,2,5,0,0,0,0,1,0,1,0,0,0,5,62,203,220,148,120,178,227,195,87,11,0,5,0,0,0,3,1,0,0,0,0,0,0,8,4,3,0,0,54,180,229,221,219,231,197,114,12,0,0,10,0,0,0,3,0,0,0,0,0,2,1,0,0,0,2,6,8,77,146,182,167,132,71,15,1,0,0,0,0,0,0,0,0,0,0,0,0,1,0,0,0,0,2,4,5,5,36,44,31,22,7,0,0,0,0,0,0,0,0,0,0,0,0,0,0,0,0,0,0,0,0,1,1,0,3,4,1,0,0,0,0,0,0,0,0,0,0,0,0,0,0,0,0,0,0,0,0,0,0,0,0,4,0,0,4,1,1,4,1,0,0,0,0,0,0,0,0,0,0,0,0
9,0,0,0,0,0,0,0,0,0,1,5,0,0,1,5,3,0,0,2,0,4,4,0,4,0,0,0,0,0,0,0,0,0,0,0,0,3,3,0,0,10,1,0,0,6,2,12,7,3,0,1,4,0,0,0,0,0,0,0,0,0,0,0,0,0,2,0,0,1,1,0,4,6,0,0,4,0,0,0,0,0,0,0,0,0,0,0,0,0,0,0,0,0,1,1,0,0,6,7,0,0,7,15,21,6,0,0,13,0,0,0,0,0,0,0,0,0,0,0,0,3,2,0,4,9,0,0,6,60,133,187,201,162,86,0,0,0,0,0,0,0,0,0,0,0,0,0,0,5,4,0,2,3,0,20,112,214,250,255,255,248,180,30,0,0,0,0,0,0,0,0,0,0,0,0,0,0,0,3,0,0,21,126,231,255,247,247,249,255,244,61,1,0,0,0,0,0,0,0,0,0,0,0,0,1,0,11,2,0,97,227,255,255,246,255,253,253,240,62,7,0,0,0,0,0,0,0,0,0,0,0,0,0,2,4,0,23,197,251,255,253,183,232,240,255,221,44,0,0,0,0,0,0,0,0,0,0,0,0,0,7,2,0,1,83,231,255,246,145,129,239,255,246,153,0,12,0,0,0,0,0,0,0,0,0,0,0,0,0,0,0,5,142,252,253,218,99,208,249,255,206,64,0,4,0,0,0,0,0,0,0,0,0,0,0,0,0,5,4,5,167,254,251,218,196,255,255,239,111,0,10,0,0,0,0,0,0,0,0,0,0,0,0,0,1,2,0,7,169,245,250,241,254,250,245,141,20,0,0,3,0,0,0,0,0,0,0,0,0,0,0,0,4,0,0,36,177,255,253,255,255,238,152,18,0,15,0,0,0,0,0,0,0,0,0,0,0,0,0,0,4,3,9,45,144,255,255,255,243,125,27,6,0,0,2,0,0,0,0,0,0,0,0,0,0,0,0,0,0,4,0,0,53,220,249,251,162,15,0,1,0,9,0,5,0,0,0,0,0,0,0,0,0,0,0,0,1,4,0,3,4,184,244,255,193,3,0,1,0,2,0,0,0,0,0,0,0,0,0,0,0,0,0,0,0,0,0,3,5,154,246,255,216,18,0,1,0,1,0,2,0,0,0,0,0,0,0,0,0,0,0,0,0,0,0,3,5,107,248,251,233,28,0,1,1,1,0,3,0,0,0,0,0,0,0,0,0,0,0,0,2,3,0,2,4,65,250,251,237,32,0,2,5,1,0,0,0,0,0,0,0,0,0,0,0,0,0,0,1,5,2,0,2,41,246,255,242,42,0,1,4,0,0,2,0,0,0,0,0,0,0,0,0,0,0,0,0,2,2,0,1,29,225,255,240,51,5,0,1,0,0,6,0,0,0,0,0,0,0,0,0,0,0,0,0,0,3,1,0,18,184,250,211,40,3,0,0,0,0,3,0,0,0,0,0,0,0,0,0,0,0,0,5,0,4,4,0,8,148,233,174,20,0,0,2,0,0,0,0,0,0,0,0,0,0,0,0,0,0,0,1,0,0,1,1,0,56,166,50,13,0,3,0,0,2,0,0,0,0,0,0,0,0,0,0,0,0,0,0,1,5,0,2,0,0,34,15,0,0,4,0,0,3,0,0,0,0,0,0,0,0,0,0,0,0,0,5,1,2,0,0,10,0,0,0,0,0,2,0,0,3,1,0,0,0,0,0,0,0,0,0,0,0,0,1,0,4,1,0,5,0,0,3,2,0,0,0,1,1,0,0,0,0,0
99,5,0,0,1,1,0,2,6,5,1,1,0,0,0,1,0,0,2,0,0,2,0,0,2,0,0,0,0,0,0,0,2,0,0,0,0,0,0,5,2,0,1,5,0,0,1,0,0,3,1,0,3,0,0,0,0,0,0,2,0,0,0,0,2,0,0,0,0,0,3,5,0,2,2,0,0,3,5,1,0,0,0,0,0,0,5,1,0,0,3,3,7,3,0,0,1,2,0,0,0,1,3,1,0,1,2,0,0,0,0,0,0,2,6,0,0,6,5,0,0,0,7,18,27,23,6,0,3,0,0,3,3,0,0,0,0,0,0,0,0,0,4,0,0,8,0,0,0,21,88,141,158,147,93,28,0,0,0,0,4,0,0,1,5,0,0,0,0,0,3,0,0,4,0,0,34,111,197,237,233,240,207,118,49,24,0,0,3,0,0,1,5,0,0,0,0,0,5,0,0,0,0,21,78,201,233,176,112,164,235,222,181,49,10,0,2,1,0,0,0,0,0,0,0,0,3,0,0,1,0,50,157,226,166,56,12,100,216,251,233,80,8,0,4,0,5,0,1,0,0,0,0,0,2,0,0,0,2,94,217,206,78,13,77,167,236,253,207,57,1,0,2,0,6,0,0,0,0,0,0,0,3,0,3,0,24,143,241,157,43,65,189,219,233,239,153,27,0,0,0,0,7,0,0,0,0,0,0,0,5,0,2,0,53,174,222,126,116,189,243,194,209,230,117,6,0,2,0,0,6,0,2,0,0,0,0,0,6,0,1,0,59,187,233,184,215,228,172,124,197,220,90,0,0,5,0,0,5,0,3,0,0,0,0,0,4,1,2,0,36,161,240,231,213,139,56,97,216,192,52,1,3,5,0,0,3,1,2,0,0,0,0,3,1,0,1,0,10,81,151,144,99,34,8,126,240,157,24,3,0,2,0,0,2,1,0,0,0,0,0,1,0,0,0,4,1,0,24,24,2,0,23,155,238,123,8,2,0,0,1,0,2,0,0,0,0,0,0,0,0,0,0,0,0,0,0,0,1,3,54,178,220,110,0,0,0,0,0,0,0,0,0,0,0,0,0,0,0,0,0,0,0,0,0,6,4,0,67,200,206,79,0,0,0,0,0,0,0,0,0,0,0,0,0,0,0,0,0,0,0,0,0,2,0,0,93,225,189,49,0,0,0,0,0,0,0,0,0,0,0,0,0,0,0,0,0,0,0,0,0,0,0,0,80,178,132,24,0,0,0,0,0,0,0,0,0,0,0,0,0,0,0,0,0,0,0,0,0,6,2,0,26,66,44,3,0,0,0,0,0,0,0,0,0,0,0,0,0,0,0,0,0,0,0,0,0,1,0,0,0,0,0,2,0,0,0,0,0,0,0,0,0,0,0,0,0,0,0,0,0,0,0,0,0,0,0,0,5,0,0,8,0,0,0,0,0,0,0,0,0,0,0,0,0,0,0,0,0,0,0,0,0,6,0,0,2,0,0,2,0,0,0,0,0,0,0,0,0,0,0,0,0,0,0,0,0,0,0,0,0,0,0,0,0,0,0,0,0,0,0,0,0,0,0,0,0,0,0,0,0,0,0,0,0,0,0,0,0,0,0,0,0,0,0,0,0,0,0,0,0,0,0,0,0,0,0,0,0,0,0,0,0,0,0,0,0,0,0,0,0,0,0,0,0,0,0,0,0,0,0,0,0,0,0,0,0,0,0,0,0,0,0,0,0,0,0,0,0,0,0,0,0,0,0,0,0,0,0,0,0,0,0,0,0
999,0,0,0,0,0,0,0,0,3,0,1,0,0,0,2,1,4,0,0,0,1,0,0,3,0,0,0,0,0,0,0,0,0,0,0,0,0,0,0,6,0,0,0,0,1,0,2,6,0,0,0,0,0,0,0,0,0,0,0,0,0,0,0,0,0,0,1,0,0,13,49,65,55,13,0,2,0,0,4,0,0,0,0,0,0,0,0,0,0,0,0,0,0,7,2,0,19,91,162,200,172,96,15,0,2,0,0,0,0,0,0,0,0,0,0,0,0,0,0,0,0,6,0,24,117,203,229,227,236,194,72,0,4,0,0,1,0,0,0,0,0,0,0,0,0,0,0,0,0,0,3,89,212,235,163,107,193,227,112,0,0,0,0,3,0,0,0,0,0,0,0,0,0,0,0,0,0,0,43,161,232,158,52,27,158,219,113,0,0,0,2,2,0,0,0,0,0,0,0,0,0,0,0,0,0,10,92,211,210,72,3,56,187,223,107,4,4,4,3,0,0,0,0,0,0,0,0,0,0,0,0,0,3,15,138,235,159,20,10,105,219,196,68,0,6,0,0,6,0,0,0,0,0,0,0,0,0,0,0,0,0,49,176,222,114,10,55,176,226,151,36,0,2,0,0,0,0,0,0,0,0,0,0,0,0,0,0,0,0,60,194,202,76,43,141,234,193,80,3,0,0,0,0,0,0,0,0,0,0,0,0,0,0,0,0,0,7,61,204,216,105,129,220,223,110,19,0,6,1,2,0,1,0,0,0,0,0,0,0,0,0,0,0,0,4,51,184,229,191,225,225,132,31,0,2,5,0,4,0,3,0,0,0,0,0,0,0,0,0,0,0,0,13,94,206,251,249,225,133,30,0,0,6,0,0,3,0,0,0,0,0,0,0,0,0,0,0,0,0,0,31,132,219,247,248,174,52,0,0,3,3,0,0,0,0,0,0,0,0,0,0,0,0,0,0,0,0,0,9,60,107,166,236,192,62,3,0,0,0,6,5,0,1,0,0,0,0,0,0,0,0,0,0,0,0,0,0,0,6,50,177,240,124,2,0,0,0,0,0,0,0,0,0,0,0,0,0,0,0,0,0,0,0,0,1,0,0,21,146,239,144,23,0,0,0,0,0,0,0,0,0,0,0,0,0,0,0,0,0,0,0,0,0,1,0,0,118,241,160,32,0,0,0,0,0,0,0,0,0,0,0,0,0,0,0,0,0,0,0,0,0,2,1,0,120,246,157,18,0,0,0,0,0,0,0,0,0,0,0,0,0,0,0,0,0,0,0,0,0,0,4,21,148,244,138,4,0,0,0,0,0,0,0,0,0,0,0,0,0,0,0,0,0,0,0,0,0,0,4,56,184,225,105,3,0,0,0,0,0,0,0,0,0,0,0,0,0,0,0,0,0,0,0,0,0,0,10,96,216,192,61,3,0,0,0,0,0,0,0,0,0,0,0,0,0,0,0,0,0,0,0,0,2,1,18,126,236,166,27,0,0,0,0,0,0,0,0,0,0,0,0,0,0,0,0,0,0,0,0,0,4,0,34,169,231,112,2,1,0,0,0,0,0,0,0,0,0,0,0,0,0,0,0,0,0,0,0,0,0,3,41,139,171,75,0,0,0,0,0,0,0,0,0,0,0,0,0,0,0,0,0,0,0,0,0,0,5,4,10,46,51,12,0,6,0,0,0,0,0,0,0,0,0,0,0,0,0,0,0,0,0,0,0,0,1,0,0,5,3,0,4,0,0,0,0,0,0,0,0,0,0,0,0,0
